

HI-TECH Software PICC Macro Assembler V9.65 build 4410 
                                                      Sat Oct 17 02:33:14 2009

HI-TECH Software Omniscient Code Generator build 4410
     1  0000                     opt subtitle "HI-TECH Software Omniscient Code 
                                 Generator build 4410"
     2                           
     3                           	processor	16F877A
     4                           clrc	macro
     5                           	bcf	status,0
     6  0000                     	endm
     7                           clrz	macro
     8                           	bcf	status,2
     9  0000                     	endm
    10                           setc	macro
    11                           	bsf	status,0
    12  0000                     	endm
    13                           setz	macro
    14                           	bsf	status,2
    15  0000                     	endm
    16                           skipc	macro
    17                           	btfss	status,0
    18  0000                     	endm
    19                           skipz	macro
    20                           	btfss	status,2
    21  0000                     	endm
    22                           skipnc	macro
    23                           	btfsc	status,0
    24  0000                     	endm
    25                           skipnz	macro
    26                           	btfsc	status,2
    27  0000                     	endm
    28  0000                     indf	equ	0
    29  0000                     indf0	equ	0
    30  0000                     pc	equ	2
    31  0000                     pcl	equ	2
    32  0000                     status	equ	3
    33  0000                     fsr	equ	4
    34  0000                     fsr0	equ	4
    35  0000                     c	equ	1
    36  0000                     z	equ	0
    37  0000                     pclath	equ	10
    38                           # 5 "E:\Projects\Asil\Motor Final\MENU\main.c"
    39                           	psect config,class=CONFIG,delta=2 ;#
    40                           # 5 "E:\Projects\Asil\Motor Final\MENU\main.c"
    41  2007  1F39               	dw 0x1FFF & 0x3FFD & 0x3FFB & 0x3FFF & 0x3FBF 
                                 & 0x3F7F ;#
    42                           global __tempreg
    43  0000                     __tempreg	set	82
    44                           global __Lrbss_0, __Hrbss_0
    45  0000                     __Lrbss_0 set 0x40
    46  0000                     __Hrbss_0 set 0x52
    47                           global __Lcommon, __Hcommon
    48  0000                     __Lcommon set 0x74
    49  0000                     __Hcommon set 0x7C
    50                           global __Lcommon, __Hcommon
    51  0000                     __Lcommon set 0x7D
    52  0000                     __Hcommon set 0x7E
    53                           global __Lrdata_1, __Hrdata_1
    54  0000                     __Lrdata_1	equ	0xC0
    55  0000                     __Hrdata_1	equ	0xF0
    56                           global __Lramdata, __Lrdata_1, __Hramdata, __Hr
                                 data_1
    57  0000                     __Lramdata	set	__Lrdata_1
    58  0000                     __Hramdata	set	__Hrdata_1
    59                           	GLOBAL	__databank
    60  0000                     __databank	EQU	1
    61  0000                     _alarmmenu_stat	equ	??_alarmmenu+0
    62                           	global	_alarmmenu_stat
    63  0000                     _alarmmenu_a_ampm	equ	??_alarmmenu+1
    64                           	global	_alarmmenu_a_ampm
    65  0000                     _alarmmenu_a_on	equ	??_alarmmenu+2
    66                           	global	_alarmmenu_a_on
    67  0000                     _alarmmenu_a_hr	equ	??_alarmmenu+3
    68                           	global	_alarmmenu_a_hr
    69  0000                     _alarmmenu_a_dur	equ	??_alarmmenu+4
    70                           	global	_alarmmenu_a_dur
    71  0000                     _alarmmenu_a_min	equ	??_alarmmenu+5
    72                           	global	_alarmmenu_a_min
    73  0000                     _alarmmenu_akey	equ	?_alarmmenu+0
    74                           	global	_alarmmenu_akey
    75  0000                     _buzz_tone	equ	??_buzz+0
    76                           	global	_buzz_tone
    77  0000                     _drawamenu_stat	equ	??_drawamenu+0
    78                           	global	_drawamenu_stat
    79  0000                     _lcd_init_init_value	equ	??_lcd_init+0
    80                           	global	_lcd_init_init_value
    81  0000                     _showtime_ahours	equ	??_showtime+0
    82                           	global	_showtime_ahours
    83  0000                     _showtime_aminutes	equ	?_showtime+0
    84                           	global	_showtime_aminutes
    85  0000                     _showtime_aseconds	equ	?_showtime+1
    86                           	global	_showtime_aseconds
    87  0000                     _showtime_aampm	equ	?_showtime+2
    88                           	global	_showtime_aampm
    89  0000                     _showtime_set	equ	?_showtime+3
    90                           	global	_showtime_set
    91  0000                     _lcd_putch_c	equ	??_lcd_putch+0
    92                           	global	_lcd_putch_c
    93  0000                     ___awmod_sign	equ	??___awmod+0
    94                           	global	___awmod_sign
    95  0000                     ___awmod_counter	equ	??___awmod+1
    96                           	global	___awmod_counter
    97  0000                     ___awmod_dividend	equ	?___awmod+0
    98                           	global	___awmod_dividend
    99  0000                     ___awmod_divisor	equ	?___awmod+2
   100                           	global	___awmod_divisor
   101  0000                     ___awdiv_counter	equ	??___awdiv+0
   102                           	global	___awdiv_counter
   103  0000                     ___awdiv_sign	equ	??___awdiv+1
   104                           	global	___awdiv_sign
   105  0000                     ___awdiv_quotient	equ	??___awdiv+2
   106                           	global	___awdiv_quotient
   107  0000                     ___awdiv_dividend	equ	?___awdiv+0
   108                           	global	___awdiv_dividend
   109  0000                     ___awdiv_divisor	equ	?___awdiv+2
   110                           	global	___awdiv_divisor
   111  0000                     _lcd_puts_s	equ	?_lcd_puts+0
   112                           	global	_lcd_puts_s
   113  0000                     _lcd_goto_pos	equ	??_lcd_goto+0
   114                           	global	_lcd_goto_pos
   115  0000                     _lcd_write_c	equ	??_lcd_write+0
   116                           	global	_lcd_write_c
   117                           ;Data sizes: Strings 211, constant 0, data 48, 
                                 bss 0, persistent 0 stack 29
   118                           	global	_main
   119                           	global	??_main
   120                           	global	?_main
   121                           
   122                           ; *************** function _main **************
                                 *
   123                           ; Defined at:
   124                           ;		line 230 in file "E:\Projects\Asil\Motor Fin
                                 al\MENU\main.c"
   125                           ; Parameters:
   126                           ;		None
   127                           ; Auto variables:
   128                           ;		None
   129                           ; Return value:
   130                           ;		type: void 
   131                           ;		size: 0
   132                           ; Registers used:
   133                           ;		wreg, fsr0l, fsr0h, status,2, status,0, pcla
                                 th, cstack
   134                           ; Tracked objects:
   135                           ;		On entry : BFF/0
   136                           ;		On exit  : 0/0
   137                           ;		Unchanged: 0/0
   138                           ; Data sizes:
   139                           ;		Autos:    0
   140                           ;		Params:   0
   141                           ;		Temp:     4
   142                           ;		Total:    4
   143                           ; This function calls:
   144                           ;		_lcd_init
   145                           ;		_lcd_write
   146                           ;		_lcd_puts
   147                           ;		__delay
   148                           ;		_alarmmenu
   149                           ;		_buzz
   150                           ;		_lcd_clear
   151                           ;		_lcd_goto
   152                           ;		_lcd_putch
   153                           ;		_showtime
   154                           ;		_drawamenu
   155                           ; This function is called by:
   156                           ;		Startup code after reset
   157                           ; This function uses a non-reentrant model
   158                           ; 
   159                           	psect	maintext,class=CODE,delta=2
   160                           	file	"E:\Projects\Asil\Motor Final\MENU\main.c
                                 "
   161                           	line	230
   162                           	psect	maintext
   163                           ;main.c: 229: void main(void)
   164                           ;main.c: 230: {
   165                           	
   166  0044                     _main:	
   167                           	opt stack 6
   168                           ; Regs used in _main: [wreg-fsr0h+status,2+stat
                                 us,0+pclath+cstack]
   169                           	line	232
   170                           ;main.c: 232: MENU_MODE = 0x03;
   171  0044  3003               	movlw	(03h)
   172  0045  00D2               	movwf	(??_main+0+0)
   173                           	
   174  0046  0852               	movf	(??_main+0+0),w
   175  0047  00F2               	movwf	(114)
   176                           	line	233
   177                           ;main.c: 233: mkey=0x01;
   178                           	
   179  0048  01F0               	clrf	(112)
   180  0049  1403               	bsf	status,0
   181  004A  0DF0               	rlf	(112),f
   182                           	line	234
   183                           ;main.c: 234: key=0x0;
   184  004B  1003               	clrc
   185                           	
   186  004C  3000               	movlw	0
   187  004D  1803               	btfsc	status,0
   188  004E  3001               	movlw	1
   189  004F  00FB               	movwf	(123)
   190                           	line	235
   191                           ;main.c: 235: cursorpos=0x01;
   192                           	
   193  0050  01FC               	clrf	(124)
   194  0051  1403               	bsf	status,0
   195  0052  0DFC               	rlf	(124),f
   196                           	line	236
   197                           ;main.c: 236: lcd_change=1;
   198  0053  14F3               	bsf	(921/8),(921)&7
   199                           	line	237
   200                           ;main.c: 237: buz=1;
   201  0054  1473               	bsf	(920/8),(920)&7
   202                           	line	238
   203                           ;main.c: 238: mmkey=1;
   204                           	
   205  0055  01F1               	clrf	(113)
   206  0056  1403               	bsf	status,0
   207  0057  0DF1               	rlf	(113),f
   208                           	line	239
   209                           ;main.c: 239: tset=0;
   210  0058  1003               	clrc
   211                           	
   212  0059  3000               	movlw	0
   213  005A  1803               	btfsc	status,0
   214  005B  3001               	movlw	1
   215  005C  00F4               	movwf	(116)
   216                           	line	240
   217                           ;main.c: 240: RC2=0;
   218  005D  1107               	bcf	(58/8),(58)&7
   219                           	line	241
   220                           ;main.c: 241: duration=0;
   221  005E  1003               	clrc
   222                           	
   223  005F  3000               	movlw	0
   224  0060  1803               	btfsc	status,0
   225  0061  3001               	movlw	1
   226  0062  00F7               	movwf	(119)
   227                           	line	242
   228                           ;main.c: 242: mincntr=0;
   229  0063  1003               	clrc
   230                           	
   231  0064  3000               	movlw	0
   232  0065  1803               	btfsc	status,0
   233  0066  3001               	movlw	1
   234  0067  00F6               	movwf	(118)
   235                           	line	243
   236                           ;main.c: 243: alflag=0;
   237  0068  1003               	clrc
   238                           	
   239  0069  3000               	movlw	0
   240  006A  1803               	btfsc	status,0
   241+ 006B  3001               	movlw	1
   242+ 006C  00F8               	movwf	(120)
   243+                          	line	246
   244+                          ;main.c: 246: TRISD=0xff;
   245+ 006D  1683               	bsf	status, 5	;RP0=1, select bank1
   246  006E  1303               	bcf	status, 6	;RP2=0, select bank1
   247+                          	
   248+ 006F  30FF               	movlw	0ffh
   249+ 0070  0088               	movwf	(136)^080h	;volatile
   250+                          	line	247
   251+                          ;main.c: 247: PSPMODE=0;
   252+ 0071  1209               	bcf	(1100/8)^080h,(1100)&7
   253+                          	line	250
   254+                          ;main.c: 250: TRISC = 0;
   255+ 0072  1003               	clrc
   256+                          	
   257+ 0073  3000               	movlw	0
   258+ 0074  1803               	btfsc	status,0
   259  0075  3001               	movlw	1
   260+ 0076  0087               	movwf	(135)^080h	;volatile
   261+                          	line	251
   262+                          ;main.c: 251: PORTC = 0;
   263+ 0077  1003               	clrc
   264+ 0078  1283               	bcf	status, 5	;RP0=0, select bank0
   265  0079  1303               	bcf	status, 6	;RP2=0, select bank0
   266+                          	
   267+ 007A  3000               	movlw	0
   268+ 007B  1803               	btfsc	status,0
   269  007C  3001               	movlw	1
   270+ 007D  0087               	movwf	(7)	;volatile
   271+                          	line	254
   272+                          ;main.c: 254: lcd_init();
   273+ 007E  120A  158A  21B6   	fcall	_lcd_init
      +       120A  118A         
   274+                          	line	266
   275+                          ;main.c: 257: static unsigned char newchars[] =
   276+                          ;main.c: 258: {
   277+                          ;main.c: 259: 0b10000010,0b10000110,0b10001110,
      +                          0b10011110,0b10001110,0b10000110,0b10000010,0b1
      +                          0000000,
   278+                          ;main.c: 260: 0b10001000,0b10001100,0b10001110,
      +                          0b10001111,0b10001110,0b10001100,0b10001000,0b1
      +                          0000000,
   279+                          ;main.c: 261: 0b10000000,0b10000100,0b10000100,
      +                          0b10001110,0b10001110,0b10011111,0b10011111,0b1
      +                          0000000,
   280+                          ;main.c: 262: 0b10000000,0b10011111,0b10011111,
      +                          0b10001110,0b10001110,0b10000100,0b10000100,0b1
      +                          0000000,
   281+                          ;main.c: 263: 0b10000000,0b10000100,0b10001110,
      +                          0b10001110,0b10001110,0b10011111,0b10000100,0b1
      +                          0000000,
   282+ 0083  1283               	bcf	status, 5	;RP0=0, select bank0
   283+ 0084  1303               	bcf	status, 6	;RP2=0, select bank0
   284+ 0085  1109               	bcf	(74/8),(74)&7
   285+                          	line	267
   286+                          ;main.c: 267: RE1 = 0;
   287+ 0086  1089               	bcf	(73/8),(73)&7
   288                           	line	268
   289                           ;main.c: 268: lcd_write(0x40);
   290  0087  3040               	movlw	(040h)
   291+ 0088  120A  158A  2123   	fcall	_lcd_write
      +       120A  118A         
   292+                          	line	269
   293+                          ;main.c: 269: lcd_puts(newchars);
   294+ 008D  30C0               	movlw	((192))
   295+ 008E  1283               	bcf	status, 5	;RP0=0, select bank0
   296  008F  1303               	bcf	status, 6	;RP2=0, select bank0
   297+                          	
   298+ 0090  00E0               	movwf	(?_lcd_puts)
   299+ 0091  3080               	movlw	080h
   300  0092  00E1               	movwf	(?_lcd_puts+1)
   301+ 0093  120A  158A  2135   	fcall	_lcd_puts
      +       120A  118A         
   302+                          	line	270
   303+                          ;main.c: 270: RE2 = 0;
   304+ 0098  1283               	bcf	status, 5	;RP0=0, select bank0
   305+ 0099  1303               	bcf	status, 6	;RP2=0, select bank0
   306  009A  1109               	bcf	(74/8),(74)&7
   307+                          	line	271
   308+                          ;main.c: 271: lcd_write(0x80);
   309+ 009B  3080               	movlw	(080h)
   310+ 009C  120A  158A  2123   	fcall	_lcd_write
      +       120A  118A         
   311+                          	line	275
   312+                          ;main.c: 275: PIE1 = 0b00000010;
   313+ 00A1  3002               	movlw	(02h)
   314+ 00A2  1683               	bsf	status, 5	;RP0=1, select bank1
   315+ 00A3  1303               	bcf	status, 6	;RP2=0, select bank1
   316+                          	
   317+ 00A4  008C               	movwf	(140)^080h	;volatile
   318+                          	line	276
   319+                          ;main.c: 276: INTCON = 0b01000000;
   320+ 00A5  3040               	movlw	(040h)
   321+ 00A6  1283               	bcf	status, 5	;RP0=0, select bank0
   322+ 00A7  1303               	bcf	status, 6	;RP2=0, select bank0
   323+                          	
   324+ 00A8  008B               	movwf	(11)	;volatile
   325+                          	line	277
   326+                          ;main.c: 277: T2CON = 0b01001110;
   327+ 00A9  304E               	movlw	(04Eh)
   328+                          	
   329+ 00AA  0092               	movwf	(18)	;volatile
   330+                          	line	278
   331+                          ;main.c: 278: PR2 = 0b11111001;
   332+ 00AB  30F9               	movlw	(0F9h)
   333+ 00AC  1683               	bsf	status, 5	;RP0=1, select bank1
   334+ 00AD  1303               	bcf	status, 6	;RP2=0, select bank1
   335+                          	
   336+ 00AE  0092               	movwf	(146)^080h	;volatile
   337+                          	line	279
   338+                          ;main.c: 279: hours = 12;
   339+ 00AF  300C               	movlw	(0Ch)
   340+ 00B0  1283               	bcf	status, 5	;RP0=0, select bank0
   341+ 00B1  1303               	bcf	status, 6	;RP2=0, select bank0
   342+ 00B2  00D2               	movwf	(??_main+0+0)
   343+                          	
   344+ 00B3  0852               	movf	(??_main+0+0),w
   345+ 00B4  00F9               	movwf	(121)
   346+                          	line	280
   347+                          ;main.c: 280: minutes = 0;
   348+ 00B5  1003               	clrc
   349+                          	
   350+ 00B6  3000               	movlw	0
   351+ 00B7  1803               	btfsc	status,0
   352+ 00B8  3001               	movlw	1
   353+ 00B9  00D0               	movwf	(80)
   354+                          	line	281
   355+                          ;main.c: 281: seconds = 0;
   356+ 00BA  1003               	clrc
   357+                          	
   358+ 00BB  3000               	movlw	0
   359+ 00BC  1803               	btfsc	status,0
   360+ 00BD  3001               	movlw	1
   361+ 00BE  00D1               	movwf	(81)
   362+                          	line	282
   363+                          ;main.c: 282: ampm = 0;
   364+ 00BF  11FD               	bcf	(1003/8),(1003)&7
   365+                          	line	283
   366+                          ;main.c: 283: A1_ON=0; A2_ON=0; A3_ON=0;
   367+ 00C0  1003               	clrc
   368+                          	
   369+ 00C1  3000               	movlw	0
   370+ 00C2  1803               	btfsc	status,0
   371+ 00C3  3001               	movlw	1
   372+ 00C4  00CD               	movwf	(77)
   373+ 00C5  1003               	clrc
   374+                          	
   375+ 00C6  3000               	movlw	0
   376+ 00C7  1803               	btfsc	status,0
   377+ 00C8  3001               	movlw	1
   378+ 00C9  00CC               	movwf	(76)
   379+ 00CA  1003               	clrc
   380+                          	
   381+ 00CB  3000               	movlw	0
   382+ 00CC  1803               	btfsc	status,0
   383+ 00CD  3001               	movlw	1
   384+ 00CE  00C5               	movwf	(69)
   385+                          	line	284
   386+                          ;main.c: 284: RC2=0;
   387+ 00CF  1107               	bcf	(58/8),(58)&7
   388+                          	line	287
   389+                          ;main.c: 287: GIE=0;
   390+ 00D0  138B               	bcf	(95/8),(95)&7
   391+                          	line	289
   392+                          ;main.c: 289: while(1)
   393+                          	
   394+ 00D1                     l128:	
   395+                          	line	292
   396+                          ;main.c: 290: {
   397+                          ;main.c: 292: key = PORTD;
   398+                          	
   399+ 00D1  0808               	movf	(8),w	;volatile
   400+                          	
   401+ 00D2  00D2               	movwf	(??_main+0+0)
   402+                          	
   403+ 00D3  0852               	movf	(??_main+0+0),w
   404+ 00D4  00FB               	movwf	(123)
   405+                          	line	293
   406+                          ;main.c: 293: switch(key)
   407+ 00D5  2903               	goto	l131
   408+                          	line	295
   409+                          ;main.c: 294: {
   410+                          ;main.c: 295: case 0x00: key = 0x0; break;
   411+                          	
   412+ 00D6                     l132:	
   413+ 00D6  1003               	clrc
   414                           	
   415  00D7  3000               	movlw	0
   416+ 00D8  1803               	btfsc	status,0
   417+ 00D9  3001               	movlw	1
   418+ 00DA  00FB               	movwf	(123)
   419+ 00DB  2920               	goto	l130
   420+                          	line	296
   421+                          ;main.c: 296: case 0x01: key = 0x01; break;
   422+                          	
   423+ 00DC                     l133:	
   424                           	
   425  00DC  01FB               	clrf	(123)
   426  00DD  1403               	bsf	status,0
   427  00DE  0DFB               	rlf	(123),f
   428  00DF  2920               	goto	l130
   429                           	line	297
   430                           ;main.c: 297: case 0x02: key = 0x02; break;
   431                           	
   432  00E0                     l134:	
   433  00E0  3002               	movlw	(02h)
   434  00E1  00D2               	movwf	(??_main+0+0)
   435                           	
   436  00E2  0852               	movf	(??_main+0+0),w
   437  00E3  00FB               	movwf	(123)
   438  00E4  2920               	goto	l130
   439                           	line	298
   440                           ;main.c: 298: case 0x04: key = 0x03; break;
   441                           	
   442  00E5                     l135:	
   443  00E5  3003               	movlw	(03h)
   444  00E6  00D2               	movwf	(??_main+0+0)
   445                           	
   446  00E7  0852               	movf	(??_main+0+0),w
   447  00E8  00FB               	movwf	(123)
   448  00E9  2920               	goto	l130
   449                           	line	299
   450                           ;main.c: 299: case 0x08: key = 0x04; break;
   451                           	
   452  00EA                     l136:	
   453  00EA  3004               	movlw	(04h)
   454  00EB  00D2               	movwf	(??_main+0+0)
   455                           	
   456  00EC  0852               	movf	(??_main+0+0),w
   457  00ED  00FB               	movwf	(123)
   458  00EE  2920               	goto	l130
   459                           	line	300
   460                           ;main.c: 300: case 0x10: key = 0x05; break;
   461                           	
   462  00EF                     l137:	
   463  00EF  3005               	movlw	(05h)
   464  00F0  00D2               	movwf	(??_main+0+0)
   465                           	
   466  00F1  0852               	movf	(??_main+0+0),w
   467  00F2  00FB               	movwf	(123)
   468  00F3  2920               	goto	l130
   469                           	line	301
   470                           ;main.c: 301: case 0x20: key = 0x06; break;
   471                           	
   472  00F4                     l138:	
   473  00F4  3006               	movlw	(06h)
   474  00F5  00D2               	movwf	(??_main+0+0)
   475                           	
   476  00F6  0852               	movf	(??_main+0+0),w
   477  00F7  00FB               	movwf	(123)
   478  00F8  2920               	goto	l130
   479                           	line	302
   480                           ;main.c: 302: case 0x40: key = 0x07; break;
   481                           	
   482  00F9                     l139:	
   483  00F9  3007               	movlw	(07h)
   484  00FA  00D2               	movwf	(??_main+0+0)
   485                           	
   486  00FB  0852               	movf	(??_main+0+0),w
   487  00FC  00FB               	movwf	(123)
   488  00FD  2920               	goto	l130
   489                           	line	303
   490                           ;main.c: 303: case 0x80: key = 0x08; break;
   491                           	
   492  00FE                     l140:	
   493  00FE  3008               	movlw	(08h)
   494  00FF  00D2               	movwf	(??_main+0+0)
   495                           	
   496  0100  0852               	movf	(??_main+0+0),w
   497  0101  00FB               	movwf	(123)
   498  0102  2920               	goto	l130
   499                           	line	293
   500                           	
   501  0103                     l131:	
   502                           	
   503  0103  087B               	movf	(123),w
   504                           	
   505  0104  3A00               		xorlw	0^0
   506  0105  1903               	skipnz
   507  0106  28D6               	goto	l132
   508  0107  3A01               	xorlw	1^0
   509  0108  1903               	skipnz
   510  0109  28DC               	goto	l133
   511  010A  3A03               	xorlw	2^1
   512  010B  1903               	skipnz
   513  010C  28E0               	goto	l134
   514  010D  3A06               	xorlw	4^2
   515  010E  1903               	skipnz
   516  010F  28E5               	goto	l135
   517  0110  3A0C               	xorlw	8^4
   518  0111  1903               	skipnz
   519  0112  28EA               	goto	l136
   520  0113  3A18               	xorlw	16^8
   521  0114  1903               	skipnz
   522  0115  28EF               	goto	l137
   523  0116  3A30               	xorlw	32^16
   524  0117  1903               	skipnz
   525  0118  28F4               	goto	l138
   526  0119  3A60               	xorlw	64^32
   527  011A  1903               	skipnz
   528  011B  28F9               	goto	l139
   529  011C  3AC0               	xorlw	128^64
   530  011D  1903               	skipnz
   531  011E  28FE               	goto	l140
   532  011F  2920               	goto	l130
   533                           
   534                           	line	304
   535                           	
   536  0120                     l130:	
   537                           	line	307
   538                           ;main.c: 307: if(newSecond)
   539                           	
   540  0120  08CF               	movf	(79),f	;volatile
   541  0121  1D03               	skipz
   542  0122  2924               	goto	u4430
   543  0123  2A1C               	goto	l141
   544  0124                     u4430:
   545                           	line	309
   546                           ;main.c: 308: {
   547                           ;main.c: 309: newSecond--;
   548                           	
   549                           	
   550  0124  3001               	movlw	low(01h)
   551  0125  02CF               	subwf	(79),f	;volatile
   552                           	line	310
   553                           ;main.c: 310: if(++seconds > 59)
   554  0126  3001               	movlw	(01h)
   555  0127  00D2               	movwf	(??_main+0+0)
   556                           	
   557  0128  0852               	movf	(??_main+0+0),w
   558  0129  07D1               	addwf	(81),f
   559  012A  303C               	movlw	(03Ch)
   560  012B  0251               	subwf	((81))&07fh,w
   561  012C  1C03               	skipc
   562  012D  292F               	goto	u4441
   563  012E  2930               	goto	u4440
   564  012F                     u4441:
   565  012F  2A11               	goto	l142
   566  0130                     u4440:
   567                           	line	312
   568                           ;main.c: 311: {
   569                           ;main.c: 312: seconds=0;
   570  0130  1003               	clrc
   571                           	
   572  0131  3000               	movlw	0
   573  0132  1803               	btfsc	status,0
   574  0133  3001               	movlw	1
   575  0134  00D1               	movwf	(81)
   576                           	line	313
   577                           ;main.c: 313: if(A1_ON) if(a1_hours==hours && a
                                 1_minutes==(minutes+1) && a1_ampm==ampm) { minc
                                 ntr=0; duration=a1_duration; RC2=1; alflag=1;}
   578                           	
   579  0135  08CD               	movf	(77),f
   580  0136  1D03               	skipz
   581  0137  2939               	goto	u4450
   582  0138  296F               	goto	l143
   583  0139                     u4450:
   584                           	
   585                           	
   586  0139  0841               	movf	(65),w
   587                           	
   588  013A  0679               	xorwf	(121),w
   589  013B  1D03               	skipz
   590  013C  293E               	goto	u4461
   591  013D  293F               	goto	u4460
   592  013E                     u4461:
   593  013E  296F               	goto	l143
   594  013F                     u4460:
   595  013F  3001               	movlw	01h
   596  0140  00D2               	movwf	(??_main+0+0)
   597  0141  01D3               	clrf	(??_main+0+0+1)
   598                           	
   599  0142  0850               	movf	(80),w
   600                           	
   601  0143  0752               	addwf	0+(??_main+0+0),w
   602  0144  00D4               	movwf	(??_main+2+0)
   603  0145  0853               	movf	1+(??_main+0+0),w
   604  0146  1803               	skipnc
   605  0147  0A53               	incf	1+(??_main+0+0),w
   606  0148  00D5               	movwf	((??_main+2+0))+1
   607                           	
   608  0149  0840               	movf	(64),w
   609                           	
   610  014A  0654               	xorwf	0+(??_main+2+0),w
   611  014B  0455               	iorwf	1+(??_main+2+0),w
   612  014C  1D03               	skipz
   613  014D  294F               	goto	u4471
   614  014E  2950               	goto	u4470
   615  014F                     u4471:
   616  014F  296F               	goto	l143
   617  0150                     u4470:
   618  0150  19FD               	btfsc	(1003/8),(1003)&7
   619  0151  2953               	goto	u4481
   620  0152  2955               	goto	u4480
   621  0153                     u4481:
   622  0153  3001               	movlw	1
   623  0154  2956               	goto	u4482
   624  0155                     u4480:
   625  0155  3000               	movlw	0
   626  0156                     u4482:
   627  0156  00D2               	movwf	(??_main+0+0)
   628  0157  187D               	btfsc	(1000/8),(1000)&7
   629  0158  295A               	goto	u4491
   630  0159  295C               	goto	u4490
   631  015A                     u4491:
   632  015A  3001               	movlw	1
   633  015B  295D               	goto	u4492
   634  015C                     u4490:
   635  015C  3000               	movlw	0
   636  015D                     u4492:
   637  015D  0652               	xorwf	(??_main+0+0),w
   638  015E  1D03               	skipz
   639  015F  2961               	goto	u4501
   640  0160  2962               	goto	u4500
   641  0161                     u4501:
   642  0161  296F               	goto	l143
   643  0162                     u4500:
   644  0162  1003               	clrc
   645                           	
   646  0163  3000               	movlw	0
   647  0164  1803               	btfsc	status,0
   648  0165  3001               	movlw	1
   649  0166  00F6               	movwf	(118)
   650                           	
   651  0167  0848               	movf	(72),w
   652                           	
   653  0168  00D2               	movwf	(??_main+0+0)
   654                           	
   655  0169  0852               	movf	(??_main+0+0),w
   656  016A  00F7               	movwf	(119)
   657  016B  1507               	bsf	(58/8),(58)&7
   658                           	
   659  016C  01F8               	clrf	(120)
   660  016D  1403               	bsf	status,0
   661  016E  0DF8               	rlf	(120),f
   662                           	
   663  016F                     l144:	
   664                           	line	314
   665                           	
   666  016F                     l143:	
   667                           ;main.c: 314: if(A2_ON) if(a2_hours==hours && a
                                 2_minutes==(minutes+1) && a2_ampm==ampm) { minc
                                 ntr=0; duration=a2_duration; RC2=1; alflag=2;}
   668                           	
   669  016F  08CC               	movf	(76),f
   670  0170  1D03               	skipz
   671  0171  2973               	goto	u4510
   672  0172  29AA               	goto	l145
   673  0173                     u4510:
   674                           	
   675                           	
   676  0173  0842               	movf	(66),w
   677                           	
   678  0174  0679               	xorwf	(121),w
   679  0175  1D03               	skipz
   680  0176  2978               	goto	u4521
   681  0177  2979               	goto	u4520
   682  0178                     u4521:
   683  0178  29AA               	goto	l145
   684  0179                     u4520:
   685  0179  3001               	movlw	01h
   686  017A  00D2               	movwf	(??_main+0+0)
   687  017B  01D3               	clrf	(??_main+0+0+1)
   688                           	
   689  017C  0850               	movf	(80),w
   690                           	
   691  017D  0752               	addwf	0+(??_main+0+0),w
   692  017E  00D4               	movwf	(??_main+2+0)
   693  017F  0853               	movf	1+(??_main+0+0),w
   694  0180  1803               	skipnc
   695  0181  0A53               	incf	1+(??_main+0+0),w
   696  0182  00D5               	movwf	((??_main+2+0))+1
   697                           	
   698  0183  0844               	movf	(68),w
   699                           	
   700  0184  0654               	xorwf	0+(??_main+2+0),w
   701  0185  0455               	iorwf	1+(??_main+2+0),w
   702  0186  1D03               	skipz
   703  0187  2989               	goto	u4531
   704  0188  298A               	goto	u4530
   705  0189                     u4531:
   706  0189  29AA               	goto	l145
   707  018A                     u4530:
   708  018A  19FD               	btfsc	(1003/8),(1003)&7
   709  018B  298D               	goto	u4541
   710  018C  298F               	goto	u4540
   711  018D                     u4541:
   712  018D  3001               	movlw	1
   713  018E  2990               	goto	u4542
   714  018F                     u4540:
   715  018F  3000               	movlw	0
   716  0190                     u4542:
   717  0190  00D2               	movwf	(??_main+0+0)
   718  0191  18FD               	btfsc	(1001/8),(1001)&7
   719  0192  2994               	goto	u4551
   720  0193  2996               	goto	u4550
   721  0194                     u4551:
   722  0194  3001               	movlw	1
   723  0195  2997               	goto	u4552
   724  0196                     u4550:
   725  0196  3000               	movlw	0
   726  0197                     u4552:
   727  0197  0652               	xorwf	(??_main+0+0),w
   728  0198  1D03               	skipz
   729  0199  299B               	goto	u4561
   730  019A  299C               	goto	u4560
   731  019B                     u4561:
   732  019B  29AA               	goto	l145
   733  019C                     u4560:
   734  019C  1003               	clrc
   735                           	
   736  019D  3000               	movlw	0
   737  019E  1803               	btfsc	status,0
   738  019F  3001               	movlw	1
   739  01A0  00F6               	movwf	(118)
   740                           	
   741  01A1  0846               	movf	(70),w
   742                           	
   743  01A2  00D2               	movwf	(??_main+0+0)
   744                           	
   745  01A3  0852               	movf	(??_main+0+0),w
   746  01A4  00F7               	movwf	(119)
   747  01A5  1507               	bsf	(58/8),(58)&7
   748  01A6  3002               	movlw	(02h)
   749  01A7  00D2               	movwf	(??_main+0+0)
   750                           	
   751  01A8  0852               	movf	(??_main+0+0),w
   752  01A9  00F8               	movwf	(120)
   753                           	
   754  01AA                     l146:	
   755                           	line	315
   756                           	
   757  01AA                     l145:	
   758                           ;main.c: 315: if(A3_ON) if(a3_hours==hours && a
                                 3_minutes==(minutes+1) && a3_ampm==ampm) { minc
                                 ntr=0; duration=a3_duration; RC2=1; alflag=3;}
   759                           	
   760  01AA  08C5               	movf	(69),f
   761  01AB  1D03               	skipz
   762  01AC  29AE               	goto	u4570
   763  01AD  29E5               	goto	l147
   764  01AE                     u4570:
   765                           	
   766                           	
   767  01AE  0843               	movf	(67),w
   768                           	
   769  01AF  0679               	xorwf	(121),w
   770  01B0  1D03               	skipz
   771  01B1  29B3               	goto	u4581
   772  01B2  29B4               	goto	u4580
   773  01B3                     u4581:
   774  01B3  29E5               	goto	l147
   775  01B4                     u4580:
   776  01B4  3001               	movlw	01h
   777  01B5  00D2               	movwf	(??_main+0+0)
   778  01B6  01D3               	clrf	(??_main+0+0+1)
   779                           	
   780  01B7  0850               	movf	(80),w
   781                           	
   782  01B8  0752               	addwf	0+(??_main+0+0),w
   783  01B9  00D4               	movwf	(??_main+2+0)
   784  01BA  0853               	movf	1+(??_main+0+0),w
   785  01BB  1803               	skipnc
   786  01BC  0A53               	incf	1+(??_main+0+0),w
   787  01BD  00D5               	movwf	((??_main+2+0))+1
   788                           	
   789  01BE  084E               	movf	(78),w
   790                           	
   791  01BF  0654               	xorwf	0+(??_main+2+0),w
   792  01C0  0455               	iorwf	1+(??_main+2+0),w
   793  01C1  1D03               	skipz
   794  01C2  29C4               	goto	u4591
   795  01C3  29C5               	goto	u4590
   796  01C4                     u4591:
   797  01C4  29E5               	goto	l147
   798  01C5                     u4590:
   799  01C5  19FD               	btfsc	(1003/8),(1003)&7
   800  01C6  29C8               	goto	u4601
   801  01C7  29CA               	goto	u4600
   802  01C8                     u4601:
   803  01C8  3001               	movlw	1
   804  01C9  29CB               	goto	u4602
   805  01CA                     u4600:
   806  01CA  3000               	movlw	0
   807  01CB                     u4602:
   808  01CB  00D2               	movwf	(??_main+0+0)
   809  01CC  197D               	btfsc	(1002/8),(1002)&7
   810  01CD  29CF               	goto	u4611
   811  01CE  29D1               	goto	u4610
   812  01CF                     u4611:
   813  01CF  3001               	movlw	1
   814  01D0  29D2               	goto	u4612
   815  01D1                     u4610:
   816  01D1  3000               	movlw	0
   817  01D2                     u4612:
   818  01D2  0652               	xorwf	(??_main+0+0),w
   819  01D3  1D03               	skipz
   820  01D4  29D6               	goto	u4621
   821  01D5  29D7               	goto	u4620
   822  01D6                     u4621:
   823  01D6  29E5               	goto	l147
   824  01D7                     u4620:
   825  01D7  1003               	clrc
   826                           	
   827  01D8  3000               	movlw	0
   828  01D9  1803               	btfsc	status,0
   829  01DA  3001               	movlw	1
   830  01DB  00F6               	movwf	(118)
   831                           	
   832  01DC  084A               	movf	(74),w
   833                           	
   834  01DD  00D2               	movwf	(??_main+0+0)
   835                           	
   836  01DE  0852               	movf	(??_main+0+0),w
   837  01DF  00F7               	movwf	(119)
   838  01E0  1507               	bsf	(58/8),(58)&7
   839  01E1  3003               	movlw	(03h)
   840  01E2  00D2               	movwf	(??_main+0+0)
   841                           	
   842  01E3  0852               	movf	(??_main+0+0),w
   843  01E4  00F8               	movwf	(120)
   844                           	
   845  01E5                     l148:	
   846                           	line	316
   847                           	
   848  01E5                     l147:	
   849                           ;main.c: 316: if(alflag)++mincntr;
   850                           	
   851  01E5  08F8               	movf	(120),f
   852  01E6  1D03               	skipz
   853  01E7  29E9               	goto	u4630
   854  01E8  29ED               	goto	l149
   855  01E9                     u4630:
   856  01E9  3001               	movlw	(01h)
   857  01EA  00D2               	movwf	(??_main+0+0)
   858                           	
   859  01EB  0852               	movf	(??_main+0+0),w
   860  01EC  07F6               	addwf	(118),f
   861                           	
   862  01ED                     l149:	
   863                           	line	317
   864                           ;main.c: 317: if(++minutes > 59)
   865  01ED  3001               	movlw	(01h)
   866  01EE  00D2               	movwf	(??_main+0+0)
   867                           	
   868  01EF  0852               	movf	(??_main+0+0),w
   869  01F0  07D0               	addwf	(80),f
   870  01F1  303C               	movlw	(03Ch)
   871  01F2  0250               	subwf	((80))&07fh,w
   872  01F3  1C03               	skipc
   873  01F4  29F6               	goto	u4641
   874  01F5  29F7               	goto	u4640
   875  01F6                     u4641:
   876  01F6  2A11               	goto	l142
   877  01F7                     u4640:
   878                           	line	319
   879                           ;main.c: 318: {
   880                           ;main.c: 319: minutes = 0;
   881  01F7  1003               	clrc
   882                           	
   883  01F8  3000               	movlw	0
   884  01F9  1803               	btfsc	status,0
   885  01FA  3001               	movlw	1
   886  01FB  00D0               	movwf	(80)
   887                           	line	320
   888                           ;main.c: 320: hours++;
   889  01FC  3001               	movlw	(01h)
   890  01FD  00D2               	movwf	(??_main+0+0)
   891                           	
   892  01FE  0852               	movf	(??_main+0+0),w
   893  01FF  07F9               	addwf	(121),f
   894                           	line	321
   895                           ;main.c: 321: if(hours == 12)
   896                           	
   897  0200  0879               	movf	(121),w
   898                           	
   899  0201  3A0C               	xorlw	0Ch
   900  0202  1D03               	skipz
   901  0203  2A05               	goto	u4651
   902  0204  2A06               	goto	u4650
   903  0205                     u4651:
   904  0205  2A08               	goto	l151
   905  0206                     u4650:
   906                           	line	322
   907                           ;main.c: 322: ampm^=1;
   908                           	
   909  0206  3008               	movlw	1<<((1003)&7)
   910  0207  06FD               	xorwf	((1003)/8),f
   911                           	
   912  0208                     l151:	
   913                           	line	323
   914                           ;main.c: 323: if(hours>12)
   915  0208  300D               	movlw	(0Dh)
   916                           	
   917  0209  0279               	subwf	(121),w
   918  020A  1C03               	skipc
   919  020B  2A0D               	goto	u4661
   920  020C  2A0E               	goto	u4660
   921  020D                     u4661:
   922  020D  2A11               	goto	l142
   923  020E                     u4660:
   924                           	line	324
   925                           ;main.c: 324: hours=1;
   926                           	
   927  020E  01F9               	clrf	(121)
   928  020F  1403               	bsf	status,0
   929  0210  0DF9               	rlf	(121),f
   930                           	
   931  0211                     l152:	
   932                           	line	325
   933                           	
   934  0211                     l150:	
   935                           	line	326
   936                           	
   937  0211                     l142:	
   938                           ;main.c: 325: }
   939                           ;main.c: 326: }if(MENU_MODE==0x0 || MENU_MODE==
                                 0x02)lcd_change=1;
   940                           	
   941  0211  08F2               	movf	(114),f
   942  0212  1D03               	skipz
   943  0213  2A15               	goto	u4670
   944  0214  2A1B               	goto	l600000568
   945  0215                     u4670:
   946                           	
   947  0215  0872               	movf	(114),w
   948                           	
   949  0216  3A02               	xorlw	02h
   950  0217  1D03               	skipz
   951  0218  2A1A               	goto	u4681
   952  0219  2A1B               	goto	u4680
   953  021A                     u4681:
   954  021A  2A1C               	goto	l141
   955  021B                     u4680:
   956                           	
   957  021B                     l600000568:	
   958  021B  14F3               	bsf	(921/8),(921)&7
   959                           	
   960  021C                     l153:	
   961                           	line	327
   962                           	
   963  021C                     l141:	
   964                           	line	329
   965                           ;main.c: 327: }
   966                           ;main.c: 329: _delay((unsigned long)((60)*(4000
                                 000/4000.0)));
   967                           	
   968  021C  304E               	movlw	78
   969  021D  00D3               movwf	(??_main+0+0+1),f
   970  021E  30EB               	movlw	235
   971  021F  00D2               movwf	(??_main+0+0),f
   972  0220                     u5347:
   973  0220  0BD2               	decfsz	(??_main+0+0),f
   974  0221  2A20               	goto	u5347
   975  0222  0BD3               	decfsz	(??_main+0+0+1),f
   976  0223  2A20               	goto	u5347
   977                           
   978                           	line	330
   979                           ;main.c: 330: if(key)
   980  0224  1283               	bcf	status, 5	;RP0=0, select bank0
   981  0225  1303               	bcf	status, 6	;RP2=0, select bank0
   982                           	
   983  0226  08FB               	movf	(123),f
   984  0227  1D03               	skipz
   985  0228  2A2A               	goto	u4690
   986  0229  2C18               	goto	l154
   987  022A                     u4690:
   988                           	line	332
   989                           ;main.c: 331: {
   990                           ;main.c: 332: switch(MENU_MODE)
   991  022A  2C01               	goto	l156
   992                           	line	334
   993                           ;main.c: 333: {
   994                           ;main.c: 334: case 0x0:
   995                           	
   996  022B                     l157:	
   997                           	line	336
   998                           ;main.c: 335: {
   999                           ;main.c: 336: switch(key)
  1000  022B  2A4B               	goto	l159
  1001                           	line	338
  1002                           ;main.c: 337: {
  1003                           ;main.c: 338: case 0x01: MENU_MODE = 0x02; mkey
                                 =1; lcd_change=1; buz=1; break;
  1004                           	
  1005  022C                     l160:	
  1006  022C  3002               	movlw	(02h)
  1007  022D  00D2               	movwf	(??_main+0+0)
  1008                           	
  1009  022E  0852               	movf	(??_main+0+0),w
  1010  022F  00F2               	movwf	(114)
  1011                           	
  1012  0230  01F0               	clrf	(112)
  1013  0231  1403               	bsf	status,0
  1014  0232  0DF0               	rlf	(112),f
  1015  0233  14F3               	bsf	(921/8),(921)&7
  1016  0234  1473               	bsf	(920/8),(920)&7
  1017  0235  2A56               	goto	l158
  1018                           	line	339
  1019                           ;main.c: 339: case 0x06: MENU_MODE = 0x01; RC2=
                                 1; lcd_change=1; buz=1; break;
  1020                           	
  1021  0236                     l161:	
  1022                           	
  1023  0236  01F2               	clrf	(114)
  1024  0237  1403               	bsf	status,0
  1025  0238  0DF2               	rlf	(114),f
  1026  0239  1507               	bsf	(58/8),(58)&7
  1027  023A  14F3               	bsf	(921/8),(921)&7
  1028  023B  1473               	bsf	(920/8),(920)&7
  1029  023C  2A56               	goto	l158
  1030                           	line	340
  1031                           ;main.c: 340: case 0x08: MENU_MODE = 0x0; RC2=0
                                 ; alflag=0; lcd_change=1; buz=1; break;
  1032                           	
  1033  023D                     l162:	
  1034  023D  1003               	clrc
  1035                           	
  1036  023E  3000               	movlw	0
  1037  023F  1803               	btfsc	status,0
  1038  0240  3001               	movlw	1
  1039  0241  00F2               	movwf	(114)
  1040  0242  1107               	bcf	(58/8),(58)&7
  1041  0243  1003               	clrc
  1042                           	
  1043  0244  3000               	movlw	0
  1044  0245  1803               	btfsc	status,0
  1045  0246  3001               	movlw	1
  1046  0247  00F8               	movwf	(120)
  1047  0248  14F3               	bsf	(921/8),(921)&7
  1048  0249  1473               	bsf	(920/8),(920)&7
  1049  024A  2A56               	goto	l158
  1050                           	line	336
  1051                           	
  1052  024B                     l159:	
  1053                           	
  1054  024B  087B               	movf	(123),w
  1055                           	
  1056  024C  3A01               		xorlw	1^0
  1057  024D  1903               	skipnz
  1058  024E  2A2C               	goto	l160
  1059  024F  3A07               	xorlw	6^1
  1060  0250  1903               	skipnz
  1061  0251  2A36               	goto	l161
  1062  0252  3A0E               	xorlw	8^6
  1063  0253  1903               	skipnz
  1064  0254  2A3D               	goto	l162
  1065  0255  2A56               	goto	l158
  1066                           
  1067                           	line	341
  1068                           	
  1069  0256                     l158:	
  1070  0256  2C18               	goto	l154
  1071                           	line	343
  1072                           ;main.c: 342: }
  1073                           ;main.c: 343: case 0x01:
  1074                           	
  1075  0257                     l163:	
  1076                           	line	345
  1077                           ;main.c: 344: {
  1078                           ;main.c: 345: if(key==0x08){ MENU_MODE = 0x0; R
                                 C2=0; alflag=0; lcd_change=1; buz=1; } break;
  1079                           	
  1080  0257  087B               	movf	(123),w
  1081                           	
  1082  0258  3A08               	xorlw	08h
  1083  0259  1D03               	skipz
  1084  025A  2A5C               	goto	u4701
  1085  025B  2A5D               	goto	u4700
  1086  025C                     u4701:
  1087  025C  2A6A               	goto	l164
  1088  025D                     u4700:
  1089  025D  1003               	clrc
  1090                           	
  1091  025E  3000               	movlw	0
  1092  025F  1803               	btfsc	status,0
  1093  0260  3001               	movlw	1
  1094  0261  00F2               	movwf	(114)
  1095  0262  1107               	bcf	(58/8),(58)&7
  1096  0263  1003               	clrc
  1097                           	
  1098  0264  3000               	movlw	0
  1099  0265  1803               	btfsc	status,0
  1100  0266  3001               	movlw	1
  1101  0267  00F8               	movwf	(120)
  1102  0268  14F3               	bsf	(921/8),(921)&7
  1103  0269  1473               	bsf	(920/8),(920)&7
  1104                           	
  1105  026A                     l164:	
  1106  026A  2C18               	goto	l154
  1107                           	line	347
  1108                           ;main.c: 346: }
  1109                           ;main.c: 347: case 0x02:
  1110                           	
  1111  026B                     l165:	
  1112                           	line	348
  1113                           ;main.c: 348: {_delay((unsigned long)((60)*(400
                                 0000/4000.0)));
  1114                           	
  1115  026B  304E               	movlw	78
  1116  026C  00D3               movwf	(??_main+0+0+1),f
  1117  026D  30EB               	movlw	235
  1118  026E  00D2               movwf	(??_main+0+0),f
  1119  026F                     u5357:
  1120  026F  0BD2               	decfsz	(??_main+0+0),f
  1121  0270  2A6F               	goto	u5357
  1122  0271  0BD3               	decfsz	(??_main+0+0+1),f
  1123  0272  2A6F               	goto	u5357
  1124                           
  1125                           	line	349
  1126                           ;main.c: 349: switch(key)
  1127  0273  2AF5               	goto	l167
  1128                           	line	351
  1129                           ;main.c: 350: {
  1130                           ;main.c: 351: case 0x03: mkey--; if(mkey<1)mkey
                                 =1; lcd_change=1; buz=1; break;
  1131                           	
  1132  0274                     l168:	
  1133                           	
  1134                           	
  1135  0274  3001               	movlw	low(01h)
  1136  0275  02F0               	subwf	(112),f
  1137  0276  3001               	movlw	(01h)
  1138                           	
  1139  0277  0270               	subwf	(112),w
  1140  0278  1803               	skipnc
  1141  0279  2A7B               	goto	u4711
  1142  027A  2A7C               	goto	u4710
  1143  027B                     u4711:
  1144  027B  2A7F               	goto	l169
  1145  027C                     u4710:
  1146                           	
  1147  027C  01F0               	clrf	(112)
  1148  027D  1403               	bsf	status,0
  1149  027E  0DF0               	rlf	(112),f
  1150                           	
  1151  027F                     l169:	
  1152  027F  14F3               	bsf	(921/8),(921)&7
  1153  0280  1473               	bsf	(920/8),(920)&7
  1154  0281  2B05               	goto	l166
  1155                           	line	352
  1156                           ;main.c: 352: case 0x05: mkey++; if(mkey>4)mkey
                                 =4; lcd_change=1; buz=1; break;
  1157                           	
  1158  0282                     l170:	
  1159  0282  3001               	movlw	(01h)
  1160  0283  00D2               	movwf	(??_main+0+0)
  1161                           	
  1162  0284  0852               	movf	(??_main+0+0),w
  1163  0285  07F0               	addwf	(112),f
  1164  0286  3005               	movlw	(05h)
  1165                           	
  1166  0287  0270               	subwf	(112),w
  1167  0288  1C03               	skipc
  1168  0289  2A8B               	goto	u4721
  1169  028A  2A8C               	goto	u4720
  1170  028B                     u4721:
  1171  028B  2A90               	goto	l171
  1172  028C                     u4720:
  1173  028C  3004               	movlw	(04h)
  1174  028D  00D2               	movwf	(??_main+0+0)
  1175                           	
  1176  028E  0852               	movf	(??_main+0+0),w
  1177  028F  00F0               	movwf	(112)
  1178                           	
  1179  0290                     l171:	
  1180  0290  14F3               	bsf	(921/8),(921)&7
  1181  0291  1473               	bsf	(920/8),(920)&7
  1182  0292  2B05               	goto	l166
  1183                           	line	353
  1184                           ;main.c: 353: case 0x04:
  1185                           	
  1186  0293                     l172:	
  1187                           	line	355
  1188                           ;main.c: 354: {
  1189                           ;main.c: 355: switch(mkey)
  1190  0293  2ADE               	goto	l174
  1191                           	line	357
  1192                           ;main.c: 356: {
  1193                           ;main.c: 357: case 1: MENU_MODE = 0x03; GIE=0; 
                                 cursorpos=1; lcd_change=1; mkey=1; buz=1; break
                                 ;
  1194                           	
  1195  0294                     l175:	
  1196  0294  3003               	movlw	(03h)
  1197  0295  00D2               	movwf	(??_main+0+0)
  1198                           	
  1199  0296  0852               	movf	(??_main+0+0),w
  1200  0297  00F2               	movwf	(114)
  1201  0298  138B               	bcf	(95/8),(95)&7
  1202                           	
  1203  0299  01FC               	clrf	(124)
  1204  029A  1403               	bsf	status,0
  1205  029B  0DFC               	rlf	(124),f
  1206  029C  14F3               	bsf	(921/8),(921)&7
  1207                           	
  1208  029D  01F0               	clrf	(112)
  1209  029E  1403               	bsf	status,0
  1210  029F  0DF0               	rlf	(112),f
  1211  02A0  1473               	bsf	(920/8),(920)&7
  1212  02A1  2AEC               	goto	l173
  1213                           	line	358
  1214                           ;main.c: 358: case 2: MENU_MODE = 0x04; mmkey=1
                                 ; mcurpos=0; tset=0; lcd_change=1; buz=1; break
                                 ;
  1215                           	
  1216  02A2                     l176:	
  1217  02A2  3004               	movlw	(04h)
  1218  02A3  00D2               	movwf	(??_main+0+0)
  1219                           	
  1220  02A4  0852               	movf	(??_main+0+0),w
  1221  02A5  00F2               	movwf	(114)
  1222                           	
  1223  02A6  01F1               	clrf	(113)
  1224  02A7  1403               	bsf	status,0
  1225  02A8  0DF1               	rlf	(113),f
  1226  02A9  1003               	clrc
  1227                           	
  1228  02AA  3000               	movlw	0
  1229  02AB  1803               	btfsc	status,0
  1230  02AC  3001               	movlw	1
  1231  02AD  00FA               	movwf	(122)
  1232  02AE  1003               	clrc
  1233                           	
  1234  02AF  3000               	movlw	0
  1235  02B0  1803               	btfsc	status,0
  1236  02B1  3001               	movlw	1
  1237  02B2  00F4               	movwf	(116)
  1238  02B3  14F3               	bsf	(921/8),(921)&7
  1239  02B4  1473               	bsf	(920/8),(920)&7
  1240  02B5  2AEC               	goto	l173
  1241                           	line	359
  1242                           ;main.c: 359: case 3: MENU_MODE = 0x05; mmkey=1
                                 ; mcurpos=0; tset=0; lcd_change=1; buz=1; break
                                 ;
  1243                           	
  1244  02B6                     l177:	
  1245  02B6  3005               	movlw	(05h)
  1246  02B7  00D2               	movwf	(??_main+0+0)
  1247                           	
  1248  02B8  0852               	movf	(??_main+0+0),w
  1249  02B9  00F2               	movwf	(114)
  1250                           	
  1251  02BA  01F1               	clrf	(113)
  1252  02BB  1403               	bsf	status,0
  1253  02BC  0DF1               	rlf	(113),f
  1254  02BD  1003               	clrc
  1255                           	
  1256  02BE  3000               	movlw	0
  1257  02BF  1803               	btfsc	status,0
  1258  02C0  3001               	movlw	1
  1259  02C1  00FA               	movwf	(122)
  1260  02C2  1003               	clrc
  1261                           	
  1262  02C3  3000               	movlw	0
  1263  02C4  1803               	btfsc	status,0
  1264  02C5  3001               	movlw	1
  1265  02C6  00F4               	movwf	(116)
  1266  02C7  14F3               	bsf	(921/8),(921)&7
  1267  02C8  1473               	bsf	(920/8),(920)&7
  1268  02C9  2AEC               	goto	l173
  1269                           	line	360
  1270                           ;main.c: 360: case 4: MENU_MODE = 0x06; mmkey=1
                                 ; mcurpos=0; tset=0; lcd_change=1; buz=1; break
                                 ;
  1271                           	
  1272  02CA                     l178:	
  1273  02CA  3006               	movlw	(06h)
  1274  02CB  00D2               	movwf	(??_main+0+0)
  1275                           	
  1276  02CC  0852               	movf	(??_main+0+0),w
  1277  02CD  00F2               	movwf	(114)
  1278                           	
  1279  02CE  01F1               	clrf	(113)
  1280  02CF  1403               	bsf	status,0
  1281  02D0  0DF1               	rlf	(113),f
  1282  02D1  1003               	clrc
  1283                           	
  1284  02D2  3000               	movlw	0
  1285  02D3  1803               	btfsc	status,0
  1286  02D4  3001               	movlw	1
  1287  02D5  00FA               	movwf	(122)
  1288  02D6  1003               	clrc
  1289                           	
  1290  02D7  3000               	movlw	0
  1291  02D8  1803               	btfsc	status,0
  1292  02D9  3001               	movlw	1
  1293  02DA  00F4               	movwf	(116)
  1294  02DB  14F3               	bsf	(921/8),(921)&7
  1295  02DC  1473               	bsf	(920/8),(920)&7
  1296  02DD  2AEC               	goto	l173
  1297                           	line	355
  1298                           	
  1299  02DE                     l174:	
  1300                           	
  1301  02DE  0870               	movf	(112),w
  1302                           	
  1303  02DF  3A01               		xorlw	1^0
  1304  02E0  1903               	skipnz
  1305  02E1  2A94               	goto	l175
  1306  02E2  3A03               	xorlw	2^1
  1307  02E3  1903               	skipnz
  1308  02E4  2AA2               	goto	l176
  1309  02E5  3A01               	xorlw	3^2
  1310  02E6  1903               	skipnz
  1311  02E7  2AB6               	goto	l177
  1312  02E8  3A07               	xorlw	4^3
  1313  02E9  1903               	skipnz
  1314  02EA  2ACA               	goto	l178
  1315  02EB  2AEC               	goto	l173
  1316                           
  1317                           	line	361
  1318                           	
  1319  02EC                     l173:	
  1320                           	line	362
  1321                           ;main.c: 362: }break;
  1322  02EC  2B05               	goto	l166
  1323                           	line	363
  1324                           ;main.c: 363: case 0x08: MENU_MODE = 0x0; lcd_c
                                 hange=1; buz=1; break;
  1325                           	
  1326  02ED                     l179:	
  1327  02ED  1003               	clrc
  1328                           	
  1329  02EE  3000               	movlw	0
  1330  02EF  1803               	btfsc	status,0
  1331  02F0  3001               	movlw	1
  1332  02F1  00F2               	movwf	(114)
  1333  02F2  14F3               	bsf	(921/8),(921)&7
  1334  02F3  1473               	bsf	(920/8),(920)&7
  1335  02F4  2B05               	goto	l166
  1336                           	line	349
  1337                           	
  1338  02F5                     l167:	
  1339  02F5  1283               	bcf	status, 5	;RP0=0, select bank0
  1340  02F6  1303               	bcf	status, 6	;RP2=0, select bank0
  1341                           	
  1342  02F7  087B               	movf	(123),w
  1343                           	
  1344  02F8  3A03               		xorlw	3^0
  1345  02F9  1903               	skipnz
  1346  02FA  2A74               	goto	l168
  1347  02FB  3A07               	xorlw	4^3
  1348  02FC  1903               	skipnz
  1349  02FD  2A93               	goto	l172
  1350  02FE  3A01               	xorlw	5^4
  1351  02FF  1903               	skipnz
  1352  0300  2A82               	goto	l170
  1353  0301  3A0D               	xorlw	8^5
  1354  0302  1903               	skipnz
  1355  0303  2AED               	goto	l179
  1356  0304  2B05               	goto	l166
  1357                           
  1358                           	line	364
  1359                           	
  1360  0305                     l166:	
  1361  0305  2C18               	goto	l154
  1362                           	line	366
  1363                           ;main.c: 365: }
  1364                           ;main.c: 366: case 0x03:
  1365                           	
  1366  0306                     l180:	
  1367                           	line	367
  1368                           ;main.c: 367: {_delay((unsigned long)((60)*(400
                                 0000/4000.0)));
  1369                           	
  1370  0306  304E               	movlw	78
  1371  0307  00D3               movwf	(??_main+0+0+1),f
  1372  0308  30EB               	movlw	235
  1373  0309  00D2               movwf	(??_main+0+0),f
  1374  030A                     u5367:
  1375  030A  0BD2               	decfsz	(??_main+0+0),f
  1376  030B  2B0A               	goto	u5367
  1377  030C  0BD3               	decfsz	(??_main+0+0+1),f
  1378  030D  2B0A               	goto	u5367
  1379                           
  1380                           	line	368
  1381                           ;main.c: 368: switch(key)
  1382  030E  2BB4               	goto	l182
  1383                           	line	370
  1384                           ;main.c: 369: {
  1385                           ;main.c: 370: case 0x03: cursorpos--; if(cursor
                                 pos<1)cursorpos=1; lcd_change=1; buz=1; break;
  1386                           	
  1387  030F                     l183:	
  1388                           	
  1389                           	
  1390  030F  3001               	movlw	low(01h)
  1391  0310  02FC               	subwf	(124),f
  1392  0311  3001               	movlw	(01h)
  1393                           	
  1394  0312  027C               	subwf	(124),w
  1395  0313  1803               	skipnc
  1396  0314  2B16               	goto	u4731
  1397  0315  2B17               	goto	u4730
  1398  0316                     u4731:
  1399  0316  2B1A               	goto	l184
  1400  0317                     u4730:
  1401                           	
  1402  0317  01FC               	clrf	(124)
  1403  0318  1403               	bsf	status,0
  1404  0319  0DFC               	rlf	(124),f
  1405                           	
  1406  031A                     l184:	
  1407  031A  14F3               	bsf	(921/8),(921)&7
  1408  031B  1473               	bsf	(920/8),(920)&7
  1409  031C  2BC7               	goto	l181
  1410                           	line	371
  1411                           ;main.c: 371: case 0x05: cursorpos++; if(cursor
                                 pos>4)cursorpos=4; lcd_change=1; buz=1; break;
  1412                           	
  1413  031D                     l185:	
  1414  031D  3001               	movlw	(01h)
  1415  031E  00D2               	movwf	(??_main+0+0)
  1416                           	
  1417  031F  0852               	movf	(??_main+0+0),w
  1418  0320  07FC               	addwf	(124),f
  1419  0321  3005               	movlw	(05h)
  1420                           	
  1421  0322  027C               	subwf	(124),w
  1422  0323  1C03               	skipc
  1423  0324  2B26               	goto	u4741
  1424  0325  2B27               	goto	u4740
  1425  0326                     u4741:
  1426  0326  2B2B               	goto	l186
  1427  0327                     u4740:
  1428  0327  3004               	movlw	(04h)
  1429  0328  00D2               	movwf	(??_main+0+0)
  1430                           	
  1431  0329  0852               	movf	(??_main+0+0),w
  1432  032A  00FC               	movwf	(124)
  1433                           	
  1434  032B                     l186:	
  1435  032B  14F3               	bsf	(921/8),(921)&7
  1436  032C  1473               	bsf	(920/8),(920)&7
  1437  032D  2BC7               	goto	l181
  1438                           	line	372
  1439                           ;main.c: 372: case 0x02:
  1440                           	
  1441  032E                     l187:	
  1442                           	line	374
  1443                           ;main.c: 373: {
  1444                           ;main.c: 374: switch(cursorpos)
  1445  032E  2B5F               	goto	l189
  1446                           	line	376
  1447                           ;main.c: 375: {
  1448                           ;main.c: 376: case 0x01: hours++; if(hours>12)h
                                 ours=1; break;
  1449                           	
  1450  032F                     l190:	
  1451  032F  3001               	movlw	(01h)
  1452  0330  00D2               	movwf	(??_main+0+0)
  1453                           	
  1454  0331  0852               	movf	(??_main+0+0),w
  1455  0332  07F9               	addwf	(121),f
  1456  0333  300D               	movlw	(0Dh)
  1457                           	
  1458  0334  0279               	subwf	(121),w
  1459  0335  1C03               	skipc
  1460  0336  2B38               	goto	u4751
  1461  0337  2B39               	goto	u4750
  1462  0338                     u4751:
  1463  0338  2B3C               	goto	l191
  1464  0339                     u4750:
  1465                           	
  1466  0339  01F9               	clrf	(121)
  1467  033A  1403               	bsf	status,0
  1468  033B  0DF9               	rlf	(121),f
  1469                           	
  1470  033C                     l191:	
  1471  033C  2B6D               	goto	l188
  1472                           	line	377
  1473                           ;main.c: 377: case 0x02: minutes++; if(minutes>
                                 59)minutes=0; break;
  1474                           	
  1475  033D                     l192:	
  1476  033D  3001               	movlw	(01h)
  1477  033E  00D2               	movwf	(??_main+0+0)
  1478                           	
  1479  033F  0852               	movf	(??_main+0+0),w
  1480  0340  07D0               	addwf	(80),f
  1481  0341  303C               	movlw	(03Ch)
  1482                           	
  1483  0342  0250               	subwf	(80),w
  1484  0343  1C03               	skipc
  1485  0344  2B46               	goto	u4761
  1486  0345  2B47               	goto	u4760
  1487  0346                     u4761:
  1488  0346  2B4C               	goto	l193
  1489  0347                     u4760:
  1490  0347  1003               	clrc
  1491                           	
  1492  0348  3000               	movlw	0
  1493  0349  1803               	btfsc	status,0
  1494  034A  3001               	movlw	1
  1495  034B  00D0               	movwf	(80)
  1496                           	
  1497  034C                     l193:	
  1498  034C  2B6D               	goto	l188
  1499                           	line	378
  1500                           ;main.c: 378: case 0x03: seconds++; if(seconds>
                                 59)seconds=0; break;
  1501                           	
  1502  034D                     l194:	
  1503  034D  3001               	movlw	(01h)
  1504  034E  00D2               	movwf	(??_main+0+0)
  1505                           	
  1506  034F  0852               	movf	(??_main+0+0),w
  1507  0350  07D1               	addwf	(81),f
  1508  0351  303C               	movlw	(03Ch)
  1509                           	
  1510  0352  0251               	subwf	(81),w
  1511  0353  1C03               	skipc
  1512  0354  2B56               	goto	u4771
  1513  0355  2B57               	goto	u4770
  1514  0356                     u4771:
  1515  0356  2B5C               	goto	l195
  1516  0357                     u4770:
  1517  0357  1003               	clrc
  1518                           	
  1519  0358  3000               	movlw	0
  1520  0359  1803               	btfsc	status,0
  1521  035A  3001               	movlw	1
  1522  035B  00D1               	movwf	(81)
  1523                           	
  1524  035C                     l195:	
  1525  035C  2B6D               	goto	l188
  1526                           	line	379
  1527                           ;main.c: 379: case 0x04: ampm=1; break;
  1528                           	
  1529  035D                     l196:	
  1530  035D  15FD               	bsf	(1003/8),(1003)&7
  1531  035E  2B6D               	goto	l188
  1532                           	line	374
  1533                           	
  1534  035F                     l189:	
  1535                           	
  1536  035F  087C               	movf	(124),w
  1537                           	
  1538  0360  3A01               		xorlw	1^0
  1539  0361  1903               	skipnz
  1540  0362  2B2F               	goto	l190
  1541  0363  3A03               	xorlw	2^1
  1542  0364  1903               	skipnz
  1543  0365  2B3D               	goto	l192
  1544  0366  3A01               	xorlw	3^2
  1545  0367  1903               	skipnz
  1546  0368  2B4D               	goto	l194
  1547  0369  3A07               	xorlw	4^3
  1548  036A  1903               	skipnz
  1549  036B  2B5D               	goto	l196
  1550  036C  2B6D               	goto	l188
  1551                           
  1552                           	line	380
  1553                           	
  1554  036D                     l188:	
  1555  036D  14F3               	bsf	(921/8),(921)&7
  1556  036E  1473               	bsf	(920/8),(920)&7
  1557  036F  2BC7               	goto	l181
  1558                           	line	382
  1559                           ;main.c: 381: }
  1560                           ;main.c: 382: case 0x07:
  1561                           	
  1562  0370                     l197:	
  1563                           	line	384
  1564                           ;main.c: 383: {
  1565                           ;main.c: 384: switch(cursorpos)
  1566  0370  2B98               	goto	l199
  1567                           	line	386
  1568                           ;main.c: 385: {
  1569                           ;main.c: 386: case 0x01: hours--; if(hours<1)ho
                                 urs=12; break;
  1570                           	
  1571  0371                     l200:	
  1572                           	
  1573                           	
  1574  0371  3001               	movlw	low(01h)
  1575  0372  02F9               	subwf	(121),f
  1576  0373  3001               	movlw	(01h)
  1577                           	
  1578  0374  0279               	subwf	(121),w
  1579  0375  1803               	skipnc
  1580  0376  2B78               	goto	u4781
  1581  0377  2B79               	goto	u4780
  1582  0378                     u4781:
  1583  0378  2B7D               	goto	l201
  1584  0379                     u4780:
  1585  0379  300C               	movlw	(0Ch)
  1586  037A  00D2               	movwf	(??_main+0+0)
  1587                           	
  1588  037B  0852               	movf	(??_main+0+0),w
  1589  037C  00F9               	movwf	(121)
  1590                           	
  1591  037D                     l201:	
  1592  037D  2BA6               	goto	l198
  1593                           	line	387
  1594                           ;main.c: 387: case 0x02: minutes--; if(minutes<
                                 =0)minutes=59; break;
  1595                           	
  1596  037E                     l202:	
  1597                           	
  1598                           	
  1599  037E  3001               	movlw	low(01h)
  1600  037F  02D0               	subwf	(80),f
  1601                           	
  1602  0380  08D0               	movf	(80),f
  1603  0381  1D03               	skipz
  1604  0382  2B84               	goto	u4791
  1605  0383  2B85               	goto	u4790
  1606  0384                     u4791:
  1607  0384  2B89               	goto	l203
  1608  0385                     u4790:
  1609  0385  303B               	movlw	(03Bh)
  1610  0386  00D2               	movwf	(??_main+0+0)
  1611                           	
  1612  0387  0852               	movf	(??_main+0+0),w
  1613  0388  00D0               	movwf	(80)
  1614                           	
  1615  0389                     l203:	
  1616  0389  2BA6               	goto	l198
  1617                           	line	388
  1618                           ;main.c: 388: case 0x03: seconds--; if(seconds<
                                 =0)seconds=59; break;
  1619                           	
  1620  038A                     l204:	
  1621                           	
  1622                           	
  1623  038A  3001               	movlw	low(01h)
  1624  038B  02D1               	subwf	(81),f
  1625                           	
  1626  038C  08D1               	movf	(81),f
  1627  038D  1D03               	skipz
  1628  038E  2B90               	goto	u4801
  1629  038F  2B91               	goto	u4800
  1630  0390                     u4801:
  1631  0390  2B95               	goto	l205
  1632  0391                     u4800:
  1633  0391  303B               	movlw	(03Bh)
  1634  0392  00D2               	movwf	(??_main+0+0)
  1635                           	
  1636  0393  0852               	movf	(??_main+0+0),w
  1637  0394  00D1               	movwf	(81)
  1638                           	
  1639  0395                     l205:	
  1640  0395  2BA6               	goto	l198
  1641                           	line	389
  1642                           ;main.c: 389: case 0x04: ampm=0; break;
  1643                           	
  1644  0396                     l206:	
  1645  0396  11FD               	bcf	(1003/8),(1003)&7
  1646  0397  2BA6               	goto	l198
  1647                           	line	384
  1648                           	
  1649  0398                     l199:	
  1650                           	
  1651  0398  087C               	movf	(124),w
  1652                           	
  1653  0399  3A01               		xorlw	1^0
  1654  039A  1903               	skipnz
  1655  039B  2B71               	goto	l200
  1656  039C  3A03               	xorlw	2^1
  1657  039D  1903               	skipnz
  1658  039E  2B7E               	goto	l202
  1659  039F  3A01               	xorlw	3^2
  1660  03A0  1903               	skipnz
  1661  03A1  2B8A               	goto	l204
  1662  03A2  3A07               	xorlw	4^3
  1663  03A3  1903               	skipnz
  1664  03A4  2B96               	goto	l206
  1665  03A5  2BA6               	goto	l198
  1666                           
  1667                           	line	390
  1668                           	
  1669  03A6                     l198:	
  1670  03A6  14F3               	bsf	(921/8),(921)&7
  1671  03A7  1473               	bsf	(920/8),(920)&7
  1672  03A8  2BC7               	goto	l181
  1673                           	line	392
  1674                           ;main.c: 391: }
  1675                           ;main.c: 392: case 0x08: MENU_MODE = 0x02; mkey
                                 =1; lcd_change=1; GIE=1; buz=1; break;
  1676                           	
  1677  03A9                     l207:	
  1678  03A9  3002               	movlw	(02h)
  1679  03AA  00D2               	movwf	(??_main+0+0)
  1680                           	
  1681  03AB  0852               	movf	(??_main+0+0),w
  1682  03AC  00F2               	movwf	(114)
  1683                           	
  1684  03AD  01F0               	clrf	(112)
  1685  03AE  1403               	bsf	status,0
  1686  03AF  0DF0               	rlf	(112),f
  1687  03B0  14F3               	bsf	(921/8),(921)&7
  1688  03B1  178B               	bsf	(95/8),(95)&7
  1689  03B2  1473               	bsf	(920/8),(920)&7
  1690  03B3  2BC7               	goto	l181
  1691                           	line	368
  1692                           	
  1693  03B4                     l182:	
  1694  03B4  1283               	bcf	status, 5	;RP0=0, select bank0
  1695  03B5  1303               	bcf	status, 6	;RP2=0, select bank0
  1696                           	
  1697  03B6  087B               	movf	(123),w
  1698                           	
  1699  03B7  3A02               		xorlw	2^0
  1700  03B8  1903               	skipnz
  1701  03B9  2B2E               	goto	l187
  1702  03BA  3A01               	xorlw	3^2
  1703  03BB  1903               	skipnz
  1704  03BC  2B0F               	goto	l183
  1705  03BD  3A06               	xorlw	5^3
  1706  03BE  1903               	skipnz
  1707  03BF  2B1D               	goto	l185
  1708  03C0  3A02               	xorlw	7^5
  1709  03C1  1903               	skipnz
  1710  03C2  2B70               	goto	l197
  1711  03C3  3A0F               	xorlw	8^7
  1712  03C4  1903               	skipnz
  1713  03C5  2BA9               	goto	l207
  1714  03C6  2BC7               	goto	l181
  1715                           
  1716                           	line	393
  1717                           	
  1718  03C7                     l181:	
  1719  03C7  2C18               	goto	l154
  1720                           	line	395
  1721                           ;main.c: 394: }
  1722                           ;main.c: 395: case 0x04:
  1723                           	
  1724  03C8                     l208:	
  1725                           	line	396
  1726                           ;main.c: 396: {_delay((unsigned long)((60)*(400
                                 0000/4000.0)));
  1727                           	
  1728  03C8  304E               	movlw	78
  1729  03C9  00D3               movwf	(??_main+0+0+1),f
  1730  03CA  30EB               	movlw	235
  1731  03CB  00D2               movwf	(??_main+0+0),f
  1732  03CC                     u5377:
  1733  03CC  0BD2               	decfsz	(??_main+0+0),f
  1734  03CD  2BCC               	goto	u5377
  1735  03CE  0BD3               	decfsz	(??_main+0+0+1),f
  1736  03CF  2BCC               	goto	u5377
  1737                           
  1738                           	line	397
  1739                           ;main.c: 397: alarmmenu(1, key); break;
  1740  03D0  1283               	bcf	status, 5	;RP0=0, select bank0
  1741  03D1  1303               	bcf	status, 6	;RP2=0, select bank0
  1742                           	
  1743  03D2  087B               	movf	(123),w
  1744                           	
  1745                           	
  1746  03D3  00D6               	movwf	(?_alarmmenu)
  1747  03D4  3001               	movlw	(01h)
  1748  03D5  120A  158A  2330   	fcall	_alarmmenu
              120A  118A         
  1749  03DA  2C18               	goto	l154
  1750                           	line	399
  1751                           ;main.c: 398: }
  1752                           ;main.c: 399: case 0x05:
  1753                           	
  1754  03DB                     l209:	
  1755                           	line	400
  1756                           ;main.c: 400: {_delay((unsigned long)((60)*(400
                                 0000/4000.0)));
  1757                           	
  1758  03DB  304E               	movlw	78
  1759  03DC  00D3               movwf	(??_main+0+0+1),f
  1760  03DD  30EB               	movlw	235
  1761  03DE  00D2               movwf	(??_main+0+0),f
  1762  03DF                     u5387:
  1763  03DF  0BD2               	decfsz	(??_main+0+0),f
  1764  03E0  2BDF               	goto	u5387
  1765  03E1  0BD3               	decfsz	(??_main+0+0+1),f
  1766  03E2  2BDF               	goto	u5387
  1767                           
  1768                           	line	401
  1769                           ;main.c: 401: alarmmenu(2, key); break;
  1770  03E3  1283               	bcf	status, 5	;RP0=0, select bank0
  1771  03E4  1303               	bcf	status, 6	;RP2=0, select bank0
  1772                           	
  1773  03E5  087B               	movf	(123),w
  1774                           	
  1775                           	
  1776  03E6  00D6               	movwf	(?_alarmmenu)
  1777  03E7  3002               	movlw	(02h)
  1778  03E8  120A  158A  2330   	fcall	_alarmmenu
              120A  118A         
  1779  03ED  2C18               	goto	l154
  1780                           	line	403
  1781                           ;main.c: 402: }
  1782                           ;main.c: 403: case 0x06:
  1783                           	
  1784  03EE                     l210:	
  1785                           	line	404
  1786                           ;main.c: 404: {_delay((unsigned long)((60)*(400
                                 0000/4000.0)));
  1787                           	
  1788  03EE  304E               	movlw	78
  1789  03EF  00D3               movwf	(??_main+0+0+1),f
  1790  03F0  30EB               	movlw	235
  1791  03F1  00D2               movwf	(??_main+0+0),f
  1792  03F2                     u5397:
  1793  03F2  0BD2               	decfsz	(??_main+0+0),f
  1794  03F3  2BF2               	goto	u5397
  1795  03F4  0BD3               	decfsz	(??_main+0+0+1),f
  1796  03F5  2BF2               	goto	u5397
  1797                           
  1798                           	line	405
  1799                           ;main.c: 405: alarmmenu(3, key); break;
  1800  03F6  1283               	bcf	status, 5	;RP0=0, select bank0
  1801  03F7  1303               	bcf	status, 6	;RP2=0, select bank0
  1802                           	
  1803  03F8  087B               	movf	(123),w
  1804                           	
  1805                           	
  1806  03F9  00D6               	movwf	(?_alarmmenu)
  1807  03FA  3003               	movlw	(03h)
  1808  03FB  120A  158A  2330   	fcall	_alarmmenu
              120A  118A         
  1809  0400  2C18               	goto	l154
  1810                           	line	332
  1811                           	
  1812  0401                     l156:	
  1813                           	
  1814  0401  0872               	movf	(114),w
  1815                           	
  1816  0402  3A00               		xorlw	0^0
  1817  0403  1903               	skipnz
  1818  0404  2A2B               	goto	l157
  1819  0405  3A01               	xorlw	1^0
  1820  0406  1903               	skipnz
  1821  0407  2A57               	goto	l163
  1822  0408  3A03               	xorlw	2^1
  1823  0409  1903               	skipnz
  1824  040A  2A6B               	goto	l165
  1825  040B  3A01               	xorlw	3^2
  1826  040C  1903               	skipnz
  1827  040D  2B06               	goto	l180
  1828  040E  3A07               	xorlw	4^3
  1829  040F  1903               	skipnz
  1830  0410  2BC8               	goto	l208
  1831  0411  3A01               	xorlw	5^4
  1832  0412  1903               	skipnz
  1833  0413  2BDB               	goto	l209
  1834  0414  3A03               	xorlw	6^5
  1835  0415  1903               	skipnz
  1836  0416  2BEE               	goto	l210
  1837  0417  2C18               	goto	l154
  1838                           
  1839                           	line	408
  1840                           	
  1841  0418                     l154:	
  1842                           	line	410
  1843                           ;main.c: 408: }
  1844                           ;main.c: 410: if(alflag) if(duration<mincntr) {
                                  RC2=0; alflag=0;}
  1845  0418  1283               	bcf	status, 5	;RP0=0, select bank0
  1846  0419  1303               	bcf	status, 6	;RP2=0, select bank0
  1847                           	
  1848  041A  08F8               	movf	(120),f
  1849  041B  1D03               	skipz
  1850  041C  2C1E               	goto	u4810
  1851  041D  2C2A               	goto	l211
  1852  041E                     u4810:
  1853                           	
  1854  041E  0876               	movf	(118),w
  1855                           	
  1856                           	
  1857  041F  0277               	subwf	(119),w
  1858  0420  1803               	skipnc
  1859  0421  2C23               	goto	u4821
  1860  0422  2C24               	goto	u4820
  1861  0423                     u4821:
  1862  0423  2C2A               	goto	l211
  1863  0424                     u4820:
  1864  0424  1107               	bcf	(58/8),(58)&7
  1865  0425  1003               	clrc
  1866                           	
  1867  0426  3000               	movlw	0
  1868  0427  1803               	btfsc	status,0
  1869  0428  3001               	movlw	1
  1870  0429  00F8               	movwf	(120)
  1871                           	
  1872  042A                     l212:	
  1873                           	line	413
  1874                           	
  1875  042A                     l211:	
  1876                           ;main.c: 413: if(buz) {buzz(); buz=0;}
  1877  042A  1C73               	btfss	(920/8),(920)&7
  1878  042B  2C2D               	goto	u4831
  1879  042C  2C2E               	goto	u4830
  1880  042D                     u4831:
  1881  042D  2C36               	goto	l213
  1882  042E                     u4830:
  1883  042E  120A  118A  26DF   	fcall	_buzz
              120A  118A         
  1884  0433  1283               	bcf	status, 5	;RP0=0, select bank0
  1885  0434  1303               	bcf	status, 6	;RP2=0, select bank0
  1886  0435  1073               	bcf	(920/8),(920)&7
  1887                           	
  1888  0436                     l213:	
  1889                           	line	417
  1890                           ;main.c: 417: if(lcd_change)
  1891  0436  1CF3               	btfss	(921/8),(921)&7
  1892  0437  2C39               	goto	u4841
  1893  0438  2C3A               	goto	u4840
  1894  0439                     u4841:
  1895  0439  2E0B               	goto	l127
  1896  043A                     u4840:
  1897                           	line	419
  1898                           ;main.c: 418: {
  1899                           ;main.c: 419: lcd_clear();
  1900  043A  120A  118A  27E2   	fcall	_lcd_clear
              120A  118A         
  1901                           	line	420
  1902                           ;main.c: 420: lcd_goto(0x0);
  1903  043F  3000               	movlw	(0)
  1904  0440  120A  158A  2116   	fcall	_lcd_goto
              120A  118A         
  1905                           	line	421
  1906                           ;main.c: 421: switch(MENU_MODE)
  1907  0445  2DEF               	goto	l216
  1908                           	line	423
  1909                           ;main.c: 422: {
  1910                           ;main.c: 423: case 0x0:
  1911                           	
  1912  0446                     l217:	
  1913                           	line	425
  1914                           ;main.c: 424: {
  1915                           ;main.c: 425: lcd_puts("    SECUTRIX  ");
  1916  0446  3080               	movlw	((STR_17-__stringbase))&0ffh
  1917                           	
  1918  0447  00E0               	movwf	(?_lcd_puts)
  1919  0448  3000               	movlw	00h
  1920  0449  00E1               	movwf	(?_lcd_puts+1)
  1921  044A  120A  158A  2135   	fcall	_lcd_puts
              120A  118A         
  1922                           	line	426
  1923                           ;main.c: 426: switch(alflag)
  1924  044F  2C81               	goto	l219
  1925                           	line	428
  1926                           ;main.c: 427: {
  1927                           ;main.c: 428: case 0: lcd_puts("  "); break;
  1928                           	
  1929  0450                     l220:	
  1930  0450  300F               	movlw	((STR_18-__stringbase))&0ffh
  1931                           	
  1932  0451  00E0               	movwf	(?_lcd_puts)
  1933  0452  3000               	movlw	00h
  1934  0453  00E1               	movwf	(?_lcd_puts+1)
  1935  0454  120A  158A  2135   	fcall	_lcd_puts
              120A  118A         
  1936  0459  2C91               	goto	l218
  1937                           	line	429
  1938                           ;main.c: 429: case 1: lcd_putch(0x04); lcd_putc
                                 h('1'); break;
  1939                           	
  1940  045A                     l221:	
  1941  045A  3004               	movlw	(04h)
  1942  045B  120A  158A  210A   	fcall	_lcd_putch
              120A  118A         
  1943  0460  3031               	movlw	(031h)
  1944  0461  120A  158A  210A   	fcall	_lcd_putch
              120A  118A         
  1945  0466  2C91               	goto	l218
  1946                           	line	430
  1947                           ;main.c: 430: case 2: lcd_putch(0x04); lcd_putc
                                 h('2'); break;
  1948                           	
  1949  0467                     l222:	
  1950  0467  3004               	movlw	(04h)
  1951  0468  120A  158A  210A   	fcall	_lcd_putch
              120A  118A         
  1952  046D  3032               	movlw	(032h)
  1953  046E  120A  158A  210A   	fcall	_lcd_putch
              120A  118A         
  1954  0473  2C91               	goto	l218
  1955                           	line	431
  1956                           ;main.c: 431: case 3: lcd_putch(0x04); lcd_putc
                                 h('3'); break;
  1957                           	
  1958  0474                     l223:	
  1959  0474  3004               	movlw	(04h)
  1960  0475  120A  158A  210A   	fcall	_lcd_putch
              120A  118A         
  1961  047A  3033               	movlw	(033h)
  1962  047B  120A  158A  210A   	fcall	_lcd_putch
              120A  118A         
  1963  0480  2C91               	goto	l218
  1964                           	line	426
  1965                           	
  1966  0481                     l219:	
  1967  0481  1283               	bcf	status, 5	;RP0=0, select bank0
  1968  0482  1303               	bcf	status, 6	;RP2=0, select bank0
  1969                           	
  1970  0483  0878               	movf	(120),w
  1971                           	
  1972  0484  3A00               		xorlw	0^0
  1973  0485  1903               	skipnz
  1974  0486  2C50               	goto	l220
  1975  0487  3A01               	xorlw	1^0
  1976  0488  1903               	skipnz
  1977  0489  2C5A               	goto	l221
  1978  048A  3A03               	xorlw	2^1
  1979  048B  1903               	skipnz
  1980  048C  2C67               	goto	l222
  1981  048D  3A01               	xorlw	3^2
  1982  048E  1903               	skipnz
  1983  048F  2C74               	goto	l223
  1984  0490  2C91               	goto	l218
  1985                           
  1986                           	line	432
  1987                           	
  1988  0491                     l218:	
  1989                           	line	433
  1990                           ;main.c: 433: showtime(hours,minutes,seconds,am
                                 pm,1);
  1991  0491  1283               	bcf	status, 5	;RP0=0, select bank0
  1992  0492  1303               	bcf	status, 6	;RP2=0, select bank0
  1993                           	
  1994  0493  01DC               	clrf	(0+(?_showtime)+03h)
  1995  0494  1403               	bsf	status,0
  1996  0495  0DDC               	rlf	(0+(?_showtime)+03h),f
  1997  0496  3000               	movlw	0
  1998  0497  19FD               	btfsc	(1003/8),(1003)&7
  1999  0498  3001               	movlw	1
  2000  0499  00D2               	movwf	(??_main+0+0)
  2001                           	
  2002  049A  0852               	movf	(??_main+0+0),w
  2003  049B  00DB               	movwf	(0+(?_showtime)+02h)
  2004                           	
  2005  049C  0851               	movf	(81),w
  2006                           	
  2007  049D  00D3               	movwf	(??_main+1+0)
  2008                           	
  2009  049E  0853               	movf	(??_main+1+0),w
  2010  049F  00DA               	movwf	(0+(?_showtime)+01h)
  2011                           	
  2012  04A0  0850               	movf	(80),w
  2013                           	
  2014                           	
  2015  04A1  00D9               	movwf	(?_showtime)
  2016                           	
  2017  04A2  0879               	movf	(121),w
  2018                           	
  2019  04A3  120A  158A  2225   	fcall	_showtime
              120A  118A         
  2020                           	line	434
  2021                           ;main.c: 434: break;
  2022  04A8  2E08               	goto	l215
  2023                           	line	436
  2024                           ;main.c: 435: }
  2025                           ;main.c: 436: case 0x01:
  2026                           	
  2027  04A9                     l224:	
  2028                           	line	438
  2029                           ;main.c: 437: {
  2030                           ;main.c: 438: lcd_puts("    SECUTRIX    "); lcd
                                 _goto(0x40);
  2031  04A9  3001               	movlw	((STR_19-__stringbase))&0ffh
  2032                           	
  2033  04AA  00E0               	movwf	(?_lcd_puts)
  2034  04AB  3000               	movlw	00h
  2035  04AC  00E1               	movwf	(?_lcd_puts+1)
  2036  04AD  120A  158A  2135   	fcall	_lcd_puts
              120A  118A         
  2037  04B2  3040               	movlw	(040h)
  2038  04B3  120A  158A  2116   	fcall	_lcd_goto
              120A  118A         
  2039                           	line	439
  2040                           ;main.c: 439: lcd_puts("  MANUAL MODE!  "); bre
                                 ak;
  2041  04B8  3012               	movlw	((STR_20-__stringbase))&0ffh
  2042  04B9  1283               	bcf	status, 5	;RP0=0, select bank0
  2043  04BA  1303               	bcf	status, 6	;RP2=0, select bank0
  2044                           	
  2045  04BB  00E0               	movwf	(?_lcd_puts)
  2046  04BC  3000               	movlw	00h
  2047  04BD  00E1               	movwf	(?_lcd_puts+1)
  2048  04BE  120A  158A  2135   	fcall	_lcd_puts
              120A  118A         
  2049  04C3  2E08               	goto	l215
  2050                           	line	441
  2051                           ;main.c: 440: }
  2052                           ;main.c: 441: case 0x02:
  2053                           	
  2054  04C4                     l225:	
  2055                           	line	443
  2056                           ;main.c: 442: {
  2057                           ;main.c: 443: switch(mkey)
  2058  04C4  2D7D               	goto	l227
  2059                           	line	445
  2060                           ;main.c: 444: {
  2061                           ;main.c: 445: case 0x01:
  2062                           	
  2063  04C5                     l228:	
  2064                           	line	447
  2065                           ;main.c: 446: {
  2066                           ;main.c: 447: lcd_puts("   SET TIME?   "); lcd_
                                 putch(0x01);
  2067  04C5  3023               	movlw	((STR_21-__stringbase))&0ffh
  2068                           	
  2069  04C6  00E0               	movwf	(?_lcd_puts)
  2070  04C7  3000               	movlw	00h
  2071  04C8  00E1               	movwf	(?_lcd_puts+1)
  2072  04C9  120A  158A  2135   	fcall	_lcd_puts
              120A  118A         
  2073  04CE  3001               	movlw	(01h)
  2074  04CF  120A  158A  210A   	fcall	_lcd_putch
              120A  118A         
  2075                           	line	448
  2076                           ;main.c: 448: if(lcd_change){ showtime(hours,mi
                                 nutes,seconds,ampm,1); }break;
  2077  04D4  1283               	bcf	status, 5	;RP0=0, select bank0
  2078  04D5  1303               	bcf	status, 6	;RP2=0, select bank0
  2079  04D6  1CF3               	btfss	(921/8),(921)&7
  2080  04D7  2CD9               	goto	u4851
  2081  04D8  2CDA               	goto	u4850
  2082  04D9                     u4851:
  2083  04D9  2CEF               	goto	l229
  2084  04DA                     u4850:
  2085                           	
  2086  04DA  01DC               	clrf	(0+(?_showtime)+03h)
  2087  04DB  1403               	bsf	status,0
  2088  04DC  0DDC               	rlf	(0+(?_showtime)+03h),f
  2089  04DD  3000               	movlw	0
  2090  04DE  19FD               	btfsc	(1003/8),(1003)&7
  2091  04DF  3001               	movlw	1
  2092  04E0  00D2               	movwf	(??_main+0+0)
  2093                           	
  2094  04E1  0852               	movf	(??_main+0+0),w
  2095  04E2  00DB               	movwf	(0+(?_showtime)+02h)
  2096                           	
  2097  04E3  0851               	movf	(81),w
  2098                           	
  2099  04E4  00D3               	movwf	(??_main+1+0)
  2100                           	
  2101  04E5  0853               	movf	(??_main+1+0),w
  2102  04E6  00DA               	movwf	(0+(?_showtime)+01h)
  2103                           	
  2104  04E7  0850               	movf	(80),w
  2105                           	
  2106                           	
  2107  04E8  00D9               	movwf	(?_showtime)
  2108                           	
  2109  04E9  0879               	movf	(121),w
  2110                           	
  2111  04EA  120A  158A  2225   	fcall	_showtime
              120A  118A         
  2112                           	
  2113  04EF                     l229:	
  2114  04EF  2D8B               	goto	l226
  2115                           	line	450
  2116                           ;main.c: 449: }
  2117                           ;main.c: 450: case 0x02:
  2118                           	
  2119  04F0                     l230:	
  2120                           	line	452
  2121                           ;main.c: 451: {
  2122                           ;main.c: 452: lcd_putch(0x00); lcd_puts("  SET 
                                 ALARM1? "); lcd_putch(0x01);
  2123  04F0  3000               	movlw	(0)
  2124  04F1  120A  158A  210A   	fcall	_lcd_putch
              120A  118A         
  2125  04F6  3071               	movlw	((STR_22-__stringbase))&0ffh
  2126  04F7  1283               	bcf	status, 5	;RP0=0, select bank0
  2127  04F8  1303               	bcf	status, 6	;RP2=0, select bank0
  2128                           	
  2129  04F9  00E0               	movwf	(?_lcd_puts)
  2130  04FA  3000               	movlw	00h
  2131  04FB  00E1               	movwf	(?_lcd_puts+1)
  2132  04FC  120A  158A  2135   	fcall	_lcd_puts
              120A  118A         
  2133  0501  3001               	movlw	(01h)
  2134  0502  120A  158A  210A   	fcall	_lcd_putch
              120A  118A         
  2135                           	line	453
  2136                           ;main.c: 453: showtime(a1_hours,a1_minutes,0,a1
                                 _ampm,A1_ON);
  2137  0507  1283               	bcf	status, 5	;RP0=0, select bank0
  2138  0508  1303               	bcf	status, 6	;RP2=0, select bank0
  2139                           	
  2140  0509  084D               	movf	(77),w
  2141                           	
  2142  050A  00D2               	movwf	(??_main+0+0)
  2143                           	
  2144  050B  0852               	movf	(??_main+0+0),w
  2145  050C  00DC               	movwf	(0+(?_showtime)+03h)
  2146  050D  3000               	movlw	0
  2147  050E  187D               	btfsc	(1000/8),(1000)&7
  2148  050F  3001               	movlw	1
  2149  0510  00D3               	movwf	(??_main+1+0)
  2150                           	
  2151  0511  0853               	movf	(??_main+1+0),w
  2152  0512  00DB               	movwf	(0+(?_showtime)+02h)
  2153  0513  1003               	clrc
  2154                           	
  2155  0514  3000               	movlw	0
  2156  0515  1803               	btfsc	status,0
  2157  0516  3001               	movlw	1
  2158  0517  00DA               	movwf	(0+(?_showtime)+01h)
  2159                           	
  2160  0518  0840               	movf	(64),w
  2161                           	
  2162                           	
  2163  0519  00D9               	movwf	(?_showtime)
  2164                           	
  2165  051A  0841               	movf	(65),w
  2166                           	
  2167  051B  120A  158A  2225   	fcall	_showtime
              120A  118A         
  2168                           	line	454
  2169                           ;main.c: 454: break;
  2170  0520  2D8B               	goto	l226
  2171                           	line	456
  2172                           ;main.c: 455: }
  2173                           ;main.c: 456: case 0x03:
  2174                           	
  2175  0521                     l231:	
  2176                           	line	458
  2177                           ;main.c: 457: {
  2178                           ;main.c: 458: lcd_putch(0x00); lcd_puts("  SET 
                                 ALARM2? "); lcd_putch(0x01);
  2179  0521  3000               	movlw	(0)
  2180  0522  120A  158A  210A   	fcall	_lcd_putch
              120A  118A         
  2181  0527  3053               	movlw	((STR_23-__stringbase))&0ffh
  2182  0528  1283               	bcf	status, 5	;RP0=0, select bank0
  2183  0529  1303               	bcf	status, 6	;RP2=0, select bank0
  2184                           	
  2185  052A  00E0               	movwf	(?_lcd_puts)
  2186  052B  3000               	movlw	00h
  2187  052C  00E1               	movwf	(?_lcd_puts+1)
  2188  052D  120A  158A  2135   	fcall	_lcd_puts
              120A  118A         
  2189  0532  3001               	movlw	(01h)
  2190  0533  120A  158A  210A   	fcall	_lcd_putch
              120A  118A         
  2191                           	line	459
  2192                           ;main.c: 459: showtime(a2_hours,a2_minutes,0,a2
                                 _ampm,A2_ON);
  2193  0538  1283               	bcf	status, 5	;RP0=0, select bank0
  2194  0539  1303               	bcf	status, 6	;RP2=0, select bank0
  2195                           	
  2196  053A  084C               	movf	(76),w
  2197                           	
  2198  053B  00D2               	movwf	(??_main+0+0)
  2199                           	
  2200  053C  0852               	movf	(??_main+0+0),w
  2201  053D  00DC               	movwf	(0+(?_showtime)+03h)
  2202  053E  3000               	movlw	0
  2203  053F  18FD               	btfsc	(1001/8),(1001)&7
  2204  0540  3001               	movlw	1
  2205  0541  00D3               	movwf	(??_main+1+0)
  2206                           	
  2207  0542  0853               	movf	(??_main+1+0),w
  2208  0543  00DB               	movwf	(0+(?_showtime)+02h)
  2209  0544  1003               	clrc
  2210                           	
  2211  0545  3000               	movlw	0
  2212  0546  1803               	btfsc	status,0
  2213  0547  3001               	movlw	1
  2214  0548  00DA               	movwf	(0+(?_showtime)+01h)
  2215                           	
  2216  0549  0844               	movf	(68),w
  2217                           	
  2218                           	
  2219  054A  00D9               	movwf	(?_showtime)
  2220                           	
  2221  054B  0842               	movf	(66),w
  2222                           	
  2223  054C  120A  158A  2225   	fcall	_showtime
              120A  118A         
  2224                           	line	460
  2225                           ;main.c: 460: break;
  2226  0551  2D8B               	goto	l226
  2227                           	line	462
  2228                           ;main.c: 461: }
  2229                           ;main.c: 462: case 0x04:
  2230                           	
  2231  0552                     l232:	
  2232                           	line	464
  2233                           ;main.c: 463: {
  2234                           ;main.c: 464: lcd_putch(0x00); lcd_puts("  SET 
                                 ALARM3?  ");
  2235  0552  3000               	movlw	(0)
  2236  0553  120A  158A  210A   	fcall	_lcd_putch
              120A  118A         
  2237  0558  3043               	movlw	((STR_24-__stringbase))&0ffh
  2238  0559  1283               	bcf	status, 5	;RP0=0, select bank0
  2239  055A  1303               	bcf	status, 6	;RP2=0, select bank0
  2240                           	
  2241  055B  00E0               	movwf	(?_lcd_puts)
  2242  055C  3000               	movlw	00h
  2243  055D  00E1               	movwf	(?_lcd_puts+1)
  2244  055E  120A  158A  2135   	fcall	_lcd_puts
              120A  118A         
  2245                           	line	465
  2246                           ;main.c: 465: showtime(a3_hours,a3_minutes,0,a3
                                 _ampm,A3_ON);
  2247  0563  1283               	bcf	status, 5	;RP0=0, select bank0
  2248  0564  1303               	bcf	status, 6	;RP2=0, select bank0
  2249                           	
  2250  0565  0845               	movf	(69),w
  2251                           	
  2252  0566  00D2               	movwf	(??_main+0+0)
  2253                           	
  2254  0567  0852               	movf	(??_main+0+0),w
  2255  0568  00DC               	movwf	(0+(?_showtime)+03h)
  2256  0569  3000               	movlw	0
  2257  056A  197D               	btfsc	(1002/8),(1002)&7
  2258  056B  3001               	movlw	1
  2259  056C  00D3               	movwf	(??_main+1+0)
  2260                           	
  2261  056D  0853               	movf	(??_main+1+0),w
  2262  056E  00DB               	movwf	(0+(?_showtime)+02h)
  2263  056F  1003               	clrc
  2264                           	
  2265  0570  3000               	movlw	0
  2266  0571  1803               	btfsc	status,0
  2267  0572  3001               	movlw	1
  2268  0573  00DA               	movwf	(0+(?_showtime)+01h)
  2269                           	
  2270  0574  084E               	movf	(78),w
  2271                           	
  2272                           	
  2273  0575  00D9               	movwf	(?_showtime)
  2274                           	
  2275  0576  0843               	movf	(67),w
  2276                           	
  2277  0577  120A  158A  2225   	fcall	_showtime
              120A  118A         
  2278                           	line	466
  2279                           ;main.c: 466: break;
  2280  057C  2D8B               	goto	l226
  2281                           	line	443
  2282                           	
  2283  057D                     l227:	
  2284                           	
  2285  057D  0870               	movf	(112),w
  2286                           	
  2287  057E  3A01               		xorlw	1^0
  2288  057F  1903               	skipnz
  2289  0580  2CC5               	goto	l228
  2290  0581  3A03               	xorlw	2^1
  2291  0582  1903               	skipnz
  2292  0583  2CF0               	goto	l230
  2293  0584  3A01               	xorlw	3^2
  2294  0585  1903               	skipnz
  2295  0586  2D21               	goto	l231
  2296  0587  3A07               	xorlw	4^3
  2297  0588  1903               	skipnz
  2298  0589  2D52               	goto	l232
  2299  058A  2D8B               	goto	l226
  2300                           
  2301                           	line	468
  2302                           	
  2303  058B                     l226:	
  2304                           	line	469
  2305                           ;main.c: 469: }break;
  2306  058B  2E08               	goto	l215
  2307                           	line	470
  2308                           ;main.c: 470: case 0x03:
  2309                           	
  2310  058C                     l233:	
  2311                           	line	472
  2312                           ;main.c: 471: {
  2313                           ;main.c: 472: lcd_puts("   SET TIME:   ");
  2314  058C  3033               	movlw	((STR_25-__stringbase))&0ffh
  2315                           	
  2316  058D  00E0               	movwf	(?_lcd_puts)
  2317  058E  3000               	movlw	00h
  2318  058F  00E1               	movwf	(?_lcd_puts+1)
  2319  0590  120A  158A  2135   	fcall	_lcd_puts
              120A  118A         
  2320                           	line	473
  2321                           ;main.c: 473: showtime(hours,minutes,seconds,am
                                 pm,1);
  2322  0595  1283               	bcf	status, 5	;RP0=0, select bank0
  2323  0596  1303               	bcf	status, 6	;RP2=0, select bank0
  2324                           	
  2325  0597  01DC               	clrf	(0+(?_showtime)+03h)
  2326  0598  1403               	bsf	status,0
  2327  0599  0DDC               	rlf	(0+(?_showtime)+03h),f
  2328  059A  3000               	movlw	0
  2329  059B  19FD               	btfsc	(1003/8),(1003)&7
  2330  059C  3001               	movlw	1
  2331  059D  00D2               	movwf	(??_main+0+0)
  2332                           	
  2333  059E  0852               	movf	(??_main+0+0),w
  2334  059F  00DB               	movwf	(0+(?_showtime)+02h)
  2335                           	
  2336  05A0  0851               	movf	(81),w
  2337                           	
  2338  05A1  00D3               	movwf	(??_main+1+0)
  2339                           	
  2340  05A2  0853               	movf	(??_main+1+0),w
  2341  05A3  00DA               	movwf	(0+(?_showtime)+01h)
  2342                           	
  2343  05A4  0850               	movf	(80),w
  2344                           	
  2345                           	
  2346  05A5  00D9               	movwf	(?_showtime)
  2347                           	
  2348  05A6  0879               	movf	(121),w
  2349                           	
  2350  05A7  120A  158A  2225   	fcall	_showtime
              120A  118A         
  2351                           	line	474
  2352                           ;main.c: 474: switch(cursorpos)
  2353  05AC  2DC9               	goto	l235
  2354                           	line	476
  2355                           ;main.c: 475: {
  2356                           ;main.c: 476: case 1: lcd_goto(0x43); break;
  2357                           	
  2358  05AD                     l236:	
  2359  05AD  3043               	movlw	(043h)
  2360  05AE  120A  158A  2116   	fcall	_lcd_goto
              120A  118A         
  2361  05B3  2DD9               	goto	l234
  2362                           	line	477
  2363                           ;main.c: 477: case 2: lcd_goto(0x46); break;
  2364                           	
  2365  05B4                     l237:	
  2366  05B4  3046               	movlw	(046h)
  2367  05B5  120A  158A  2116   	fcall	_lcd_goto
              120A  118A         
  2368  05BA  2DD9               	goto	l234
  2369                           	line	478
  2370                           ;main.c: 478: case 3: lcd_goto(0x49); break;
  2371                           	
  2372  05BB                     l238:	
  2373  05BB  3049               	movlw	(049h)
  2374  05BC  120A  158A  2116   	fcall	_lcd_goto
              120A  118A         
  2375  05C1  2DD9               	goto	l234
  2376                           	line	479
  2377                           ;main.c: 479: case 4: lcd_goto(0x4C); break;
  2378                           	
  2379  05C2                     l239:	
  2380  05C2  304C               	movlw	(04Ch)
  2381  05C3  120A  158A  2116   	fcall	_lcd_goto
              120A  118A         
  2382  05C8  2DD9               	goto	l234
  2383                           	line	474
  2384                           	
  2385  05C9                     l235:	
  2386  05C9  1283               	bcf	status, 5	;RP0=0, select bank0
  2387  05CA  1303               	bcf	status, 6	;RP2=0, select bank0
  2388                           	
  2389  05CB  087C               	movf	(124),w
  2390                           	
  2391  05CC  3A01               		xorlw	1^0
  2392  05CD  1903               	skipnz
  2393  05CE  2DAD               	goto	l236
  2394  05CF  3A03               	xorlw	2^1
  2395  05D0  1903               	skipnz
  2396  05D1  2DB4               	goto	l237
  2397  05D2  3A01               	xorlw	3^2
  2398  05D3  1903               	skipnz
  2399  05D4  2DBB               	goto	l238
  2400  05D5  3A07               	xorlw	4^3
  2401  05D6  1903               	skipnz
  2402  05D7  2DC2               	goto	l239
  2403  05D8  2DD9               	goto	l234
  2404                           
  2405                           	line	480
  2406                           	
  2407  05D9                     l234:	
  2408  05D9  2E08               	goto	l215
  2409                           	line	482
  2410                           ;main.c: 481: }
  2411                           ;main.c: 482: case 0x04:
  2412                           	
  2413  05DA                     l240:	
  2414                           	line	484
  2415                           ;main.c: 483: {
  2416                           ;main.c: 484: drawamenu(1); break;
  2417  05DA  3001               	movlw	(01h)
  2418  05DB  120A  158A  24FC   	fcall	_drawamenu
              120A  118A         
  2419  05E0  2E08               	goto	l215
  2420                           	line	486
  2421                           ;main.c: 485: }
  2422                           ;main.c: 486: case 0x05:
  2423                           	
  2424  05E1                     l241:	
  2425                           	line	488
  2426                           ;main.c: 487: {
  2427                           ;main.c: 488: drawamenu(2); break;
  2428  05E1  3002               	movlw	(02h)
  2429  05E2  120A  158A  24FC   	fcall	_drawamenu
              120A  118A         
  2430  05E7  2E08               	goto	l215
  2431                           	line	490
  2432                           ;main.c: 489: }
  2433                           ;main.c: 490: case 0x06:
  2434                           	
  2435  05E8                     l242:	
  2436                           	line	492
  2437                           ;main.c: 491: {
  2438                           ;main.c: 492: drawamenu(3); break;
  2439  05E8  3003               	movlw	(03h)
  2440  05E9  120A  158A  24FC   	fcall	_drawamenu
              120A  118A         
  2441  05EE  2E08               	goto	l215
  2442                           	line	421
  2443                           	
  2444  05EF                     l216:	
  2445  05EF  1283               	bcf	status, 5	;RP0=0, select bank0
  2446  05F0  1303               	bcf	status, 6	;RP2=0, select bank0
  2447                           	
  2448  05F1  0872               	movf	(114),w
  2449                           	
  2450  05F2  3A00               		xorlw	0^0
  2451  05F3  1903               	skipnz
  2452  05F4  2C46               	goto	l217
  2453  05F5  3A01               	xorlw	1^0
  2454  05F6  1903               	skipnz
  2455  05F7  2CA9               	goto	l224
  2456  05F8  3A03               	xorlw	2^1
  2457  05F9  1903               	skipnz
  2458  05FA  2CC4               	goto	l225
  2459  05FB  3A01               	xorlw	3^2
  2460  05FC  1903               	skipnz
  2461  05FD  2D8C               	goto	l233
  2462  05FE  3A07               	xorlw	4^3
  2463  05FF  1903               	skipnz
  2464  0600  2DDA               	goto	l240
  2465  0601  3A01               	xorlw	5^4
  2466  0602  1903               	skipnz
  2467  0603  2DE1               	goto	l241
  2468  0604  3A03               	xorlw	6^5
  2469  0605  1903               	skipnz
  2470  0606  2DE8               	goto	l242
  2471  0607  2E08               	goto	l215
  2472                           
  2473                           	line	494
  2474                           	
  2475  0608                     l215:	
  2476  0608  1283               	bcf	status, 5	;RP0=0, select bank0
  2477  0609  1303               	bcf	status, 6	;RP2=0, select bank0
  2478  060A  10F3               	bcf	(921/8),(921)&7
  2479                           	line	495
  2480                           	
  2481  060B                     l214:	
  2482                           	line	496
  2483                           	
  2484  060B                     l127:	
  2485                           	line	289
  2486  060B  28D1               	goto	l128
  2487                           	global	start
  2488  060C  120A  118A  2812   	ljmp	start
  2489                           	psect	maintext
  2490                           	opt stack 0
  2491                           ; =============== function _main ends =========
                                 ======
  2492                           
  2493                           GLOBAL __end_of_main
  2494  060F                     	__end_of_main:
  2495                           	FNSIZE	_main,4,0
  2496                           	line	497
  2497                           	signat	_main,88
  2498                           	global	_alarmmenu
  2499                           	global	??_alarmmenu
  2500                           	global	?_alarmmenu
  2501                           
  2502                           ; *************** function _alarmmenu *********
                                 ******
  2503                           ; Defined at:
  2504                           ;		line 155 in file "E:\Projects\Asil\Motor Fin
                                 al\MENU\main.c"
  2505                           ; Parameters:
  2506                           ;		stat        	reg:   wr	type: unsigned char 
  2507                           ;		akey        	offs:   0	type: unsigned char 
  2508                           ; Auto variables:
  2509                           ;		stat        	       	type: unsigned char 
  2510                           ;		a_ampm      	       	type: unsigned char 
  2511                           ;		a_on        	       	type: unsigned char 
  2512                           ;		a_min       	       	type: unsigned char 
  2513                           ;		a_dur       	       	type: unsigned char 
  2514                           ;		a_hr        	       	type: unsigned char 
  2515                           ; Return value:
  2516                           ;		type: void 
  2517                           ;		size: 0
  2518                           ; Registers used:
  2519                           ;		wreg, fsr0l, fsr0h, status,2, status,0
  2520                           ; Tracked objects:
  2521                           ;		On entry : 300/0
  2522                           ;		On exit  : 0/0
  2523                           ;		Unchanged: 0/0
  2524                           ; Data sizes:
  2525                           ;		Autos:    6
  2526                           ;		Params:   1
  2527                           ;		Temp:     2
  2528                           ;		Total:    9
  2529                           ; This function calls:
  2530                           ;		Nothing
  2531                           ; This function is called by:
  2532                           ;		_main
  2533                           ; This function uses a non-reentrant model
  2534                           ; 
  2535                           	psect	text140,local,class=CODE,delta=2
  2536                           	file	"E:\Projects\Asil\Motor Final\MENU\main.c
                                 "
  2537                           	line	155
  2538                           ;main.c: 154: void alarmmenu(char stat, char ak
                                 ey)
  2539                           ;main.c: 155: {
  2540                           	
  2541  0B30                     _alarmmenu:	
  2542                           	opt stack 5
  2543                           ; Regs used in _alarmmenu: [wreg-fsr0h+status,2
                                 +status,0]
  2544                           ;_alarmmenu_stat stored from wreg
  2545                           	line	157
  2546                           	
  2547  0B30  00D7               	movwf	(_alarmmenu_stat)
  2548                           ;main.c: 156: char a_hr, a_min, a_ampm, a_dur, 
                                 a_on;
  2549                           ;main.c: 157: switch(stat)
  2550  0B31  2B59               	goto	l65
  2551                           	line	159
  2552                           ;main.c: 158: {
  2553                           ;main.c: 159: case 1: { a_hr=a1_hours; a_min=a1
                                 _minutes; a_on=A1_ON; a_ampm=a1_ampm; a_dur=a1_
                                 duration;}break;
  2554                           	
  2555  0B32                     l66:	
  2556                           	
  2557  0B32  0841               	movf	(65),w
  2558                           	
  2559                           	
  2560  0B33  00DA               	movwf	(_alarmmenu_a_hr)
  2561                           	
  2562  0B34  0840               	movf	(64),w
  2563                           	
  2564                           	
  2565  0B35  00DC               	movwf	(_alarmmenu_a_min)
  2566                           	
  2567  0B36  084D               	movf	(77),w
  2568                           	
  2569                           	
  2570  0B37  00D9               	movwf	(_alarmmenu_a_on)
  2571  0B38  3000               	movlw	0
  2572  0B39  187D               	btfsc	(1000/8),(1000)&7
  2573  0B3A  3001               	movlw	1
  2574                           	
  2575  0B3B  00D8               	movwf	(_alarmmenu_a_ampm)
  2576                           	
  2577  0B3C  0848               	movf	(72),w
  2578                           	
  2579                           	
  2580  0B3D  00DB               	movwf	(_alarmmenu_a_dur)
  2581  0B3E  2B65               	goto	l64
  2582                           	line	160
  2583                           ;main.c: 160: case 2: { a_hr=a2_hours; a_min=a2
                                 _minutes; a_on=A2_ON; a_ampm=a2_ampm; a_dur=a2_
                                 duration;}break;
  2584                           	
  2585  0B3F                     l67:	
  2586                           	
  2587  0B3F  0842               	movf	(66),w
  2588                           	
  2589                           	
  2590  0B40  00DA               	movwf	(_alarmmenu_a_hr)
  2591                           	
  2592  0B41  0844               	movf	(68),w
  2593                           	
  2594                           	
  2595  0B42  00DC               	movwf	(_alarmmenu_a_min)
  2596                           	
  2597  0B43  084C               	movf	(76),w
  2598                           	
  2599                           	
  2600  0B44  00D9               	movwf	(_alarmmenu_a_on)
  2601  0B45  3000               	movlw	0
  2602  0B46  18FD               	btfsc	(1001/8),(1001)&7
  2603  0B47  3001               	movlw	1
  2604                           	
  2605  0B48  00D8               	movwf	(_alarmmenu_a_ampm)
  2606                           	
  2607  0B49  0846               	movf	(70),w
  2608                           	
  2609                           	
  2610  0B4A  00DB               	movwf	(_alarmmenu_a_dur)
  2611  0B4B  2B65               	goto	l64
  2612                           	line	161
  2613                           ;main.c: 161: case 3: { a_hr=a3_hours; a_min=a3
                                 _minutes; a_on=A3_ON; a_ampm=a3_ampm; a_dur=a3_
                                 duration;}break;
  2614                           	
  2615  0B4C                     l68:	
  2616                           	
  2617  0B4C  0843               	movf	(67),w
  2618                           	
  2619                           	
  2620  0B4D  00DA               	movwf	(_alarmmenu_a_hr)
  2621                           	
  2622  0B4E  084E               	movf	(78),w
  2623                           	
  2624                           	
  2625  0B4F  00DC               	movwf	(_alarmmenu_a_min)
  2626                           	
  2627  0B50  0845               	movf	(69),w
  2628                           	
  2629                           	
  2630  0B51  00D9               	movwf	(_alarmmenu_a_on)
  2631  0B52  3000               	movlw	0
  2632  0B53  197D               	btfsc	(1002/8),(1002)&7
  2633  0B54  3001               	movlw	1
  2634                           	
  2635  0B55  00D8               	movwf	(_alarmmenu_a_ampm)
  2636                           	
  2637  0B56  084A               	movf	(74),w
  2638                           	
  2639                           	
  2640  0B57  00DB               	movwf	(_alarmmenu_a_dur)
  2641  0B58  2B65               	goto	l64
  2642                           	line	157
  2643                           	
  2644  0B59                     l65:	
  2645                           	
  2646  0B59  0857               	movf	(_alarmmenu_stat),w
  2647  0B5A  1383               	bcf	status, 7	;select IRP bank0
  2648                           	
  2649  0B5B  3A01               		xorlw	1^0
  2650  0B5C  1903               	skipnz
  2651  0B5D  2B32               	goto	l66
  2652  0B5E  3A03               	xorlw	2^1
  2653  0B5F  1903               	skipnz
  2654  0B60  2B3F               	goto	l67
  2655  0B61  3A01               	xorlw	3^2
  2656  0B62  1903               	skipnz
  2657  0B63  2B4C               	goto	l68
  2658  0B64  2B65               	goto	l64
  2659                           
  2660                           	line	162
  2661                           	
  2662  0B65                     l64:	
  2663                           	line	163
  2664                           ;main.c: 163: switch(akey)
  2665  0B65  2C93               	goto	l70
  2666                           	line	165
  2667                           ;main.c: 164: {
  2668                           ;main.c: 165: case 0x02:
  2669                           	
  2670  0B66                     l71:	
  2671                           	line	167
  2672                           ;main.c: 166: {
  2673                           ;main.c: 167: switch(tset)
  2674  0B66  2BBC               	goto	l73
  2675                           	line	169
  2676                           ;main.c: 168: {
  2677                           ;main.c: 169: case 0: mmkey--; if(mmkey<1)mmkey
                                 =1; lcd_change=1; buz=1; break;
  2678                           	
  2679  0B67                     l74:	
  2680                           	
  2681                           	
  2682  0B67  3001               	movlw	low(01h)
  2683  0B68  02F1               	subwf	(113),f
  2684  0B69  3001               	movlw	(01h)
  2685                           	
  2686  0B6A  0271               	subwf	(113),w
  2687  0B6B  1803               	skipnc
  2688  0B6C  2B6E               	goto	u4861
  2689  0B6D  2B6F               	goto	u4860
  2690  0B6E                     u4861:
  2691  0B6E  2B72               	goto	l75
  2692  0B6F                     u4860:
  2693                           	
  2694  0B6F  01F1               	clrf	(113)
  2695  0B70  1403               	bsf	status,0
  2696  0B71  0DF1               	rlf	(113),f
  2697                           	
  2698  0B72                     l75:	
  2699  0B72  14F3               	bsf	(921/8),(921)&7
  2700  0B73  1473               	bsf	(920/8),(920)&7
  2701  0B74  2BC7               	goto	l72
  2702                           	line	170
  2703                           ;main.c: 170: case 1: switch(mcurpos)
  2704                           	
  2705  0B75                     l76:	
  2706  0B75  2B9E               	goto	l78
  2707                           	line	172
  2708                           ;main.c: 171: {
  2709                           ;main.c: 172: case 1: a_hr++; if(a_hr>12)a_hr=1
                                 ; lcd_change=1; buz=1; break;
  2710                           	
  2711  0B76                     l79:	
  2712  0B76  3001               	movlw	(01h)
  2713  0B77  00DD               	movwf	(??_alarmmenu+6+0)
  2714                           	
  2715  0B78  085D               	movf	(??_alarmmenu+6+0),w
  2716  0B79  07DA               	addwf	(_alarmmenu_a_hr),f
  2717  0B7A  300D               	movlw	(0Dh)
  2718                           	
  2719  0B7B  025A               	subwf	(_alarmmenu_a_hr),w
  2720  0B7C  1C03               	skipc
  2721  0B7D  2B7F               	goto	u4871
  2722  0B7E  2B80               	goto	u4870
  2723  0B7F                     u4871:
  2724  0B7F  2B83               	goto	l80
  2725  0B80                     u4870:
  2726                           	
  2727  0B80  01DA               	clrf	(_alarmmenu_a_hr)
  2728  0B81  1403               	bsf	status,0
  2729  0B82  0DDA               	rlf	(_alarmmenu_a_hr),f
  2730                           	
  2731  0B83                     l80:	
  2732  0B83  14F3               	bsf	(921/8),(921)&7
  2733  0B84  1473               	bsf	(920/8),(920)&7
  2734  0B85  2BA9               	goto	l77
  2735                           	line	173
  2736                           ;main.c: 173: case 2: a_min++; if(a_min>59)a_mi
                                 n=0; lcd_change=1; buz=1; break;
  2737                           	
  2738  0B86                     l81:	
  2739  0B86  3001               	movlw	(01h)
  2740  0B87  00DD               	movwf	(??_alarmmenu+6+0)
  2741                           	
  2742  0B88  085D               	movf	(??_alarmmenu+6+0),w
  2743  0B89  07DC               	addwf	(_alarmmenu_a_min),f
  2744  0B8A  303C               	movlw	(03Ch)
  2745                           	
  2746  0B8B  025C               	subwf	(_alarmmenu_a_min),w
  2747  0B8C  1C03               	skipc
  2748  0B8D  2B8F               	goto	u4881
  2749  0B8E  2B90               	goto	u4880
  2750  0B8F                     u4881:
  2751  0B8F  2B95               	goto	l82
  2752  0B90                     u4880:
  2753  0B90  1003               	clrc
  2754                           	
  2755  0B91  3000               	movlw	0
  2756  0B92  1803               	btfsc	status,0
  2757  0B93  3001               	movlw	1
  2758  0B94  00DC               	movwf	(_alarmmenu_a_min)
  2759                           	
  2760  0B95                     l82:	
  2761  0B95  14F3               	bsf	(921/8),(921)&7
  2762  0B96  1473               	bsf	(920/8),(920)&7
  2763  0B97  2BA9               	goto	l77
  2764                           	line	174
  2765                           ;main.c: 174: case 3: a_ampm=1; lcd_change=1; b
                                 uz=1; break;
  2766                           	
  2767  0B98                     l83:	
  2768                           	
  2769  0B98  01D8               	clrf	(_alarmmenu_a_ampm)
  2770  0B99  1403               	bsf	status,0
  2771  0B9A  0DD8               	rlf	(_alarmmenu_a_ampm),f
  2772  0B9B  14F3               	bsf	(921/8),(921)&7
  2773  0B9C  1473               	bsf	(920/8),(920)&7
  2774  0B9D  2BA9               	goto	l77
  2775                           	line	170
  2776                           	
  2777  0B9E                     l78:	
  2778                           	
  2779  0B9E  087A               	movf	(122),w
  2780                           	
  2781  0B9F  3A01               		xorlw	1^0
  2782  0BA0  1903               	skipnz
  2783  0BA1  2B76               	goto	l79
  2784  0BA2  3A03               	xorlw	2^1
  2785  0BA3  1903               	skipnz
  2786  0BA4  2B86               	goto	l81
  2787  0BA5  3A01               	xorlw	3^2
  2788  0BA6  1903               	skipnz
  2789  0BA7  2B98               	goto	l83
  2790  0BA8  2BA9               	goto	l77
  2791                           
  2792                           	line	175
  2793                           	
  2794  0BA9                     l77:	
  2795  0BA9  2BC7               	goto	l72
  2796                           	line	176
  2797                           ;main.c: 176: case 2: a_dur++; if(a_dur>180)a_d
                                 ur=0; lcd_change=1; buz=1; break;
  2798                           	
  2799  0BAA                     l84:	
  2800  0BAA  3001               	movlw	(01h)
  2801  0BAB  00DD               	movwf	(??_alarmmenu+6+0)
  2802                           	
  2803  0BAC  085D               	movf	(??_alarmmenu+6+0),w
  2804  0BAD  07DB               	addwf	(_alarmmenu_a_dur),f
  2805  0BAE  30B5               	movlw	(0B5h)
  2806                           	
  2807  0BAF  025B               	subwf	(_alarmmenu_a_dur),w
  2808  0BB0  1C03               	skipc
  2809  0BB1  2BB3               	goto	u4891
  2810  0BB2  2BB4               	goto	u4890
  2811  0BB3                     u4891:
  2812  0BB3  2BB9               	goto	l85
  2813  0BB4                     u4890:
  2814  0BB4  1003               	clrc
  2815                           	
  2816  0BB5  3000               	movlw	0
  2817  0BB6  1803               	btfsc	status,0
  2818  0BB7  3001               	movlw	1
  2819  0BB8  00DB               	movwf	(_alarmmenu_a_dur)
  2820                           	
  2821  0BB9                     l85:	
  2822  0BB9  14F3               	bsf	(921/8),(921)&7
  2823  0BBA  1473               	bsf	(920/8),(920)&7
  2824  0BBB  2BC7               	goto	l72
  2825                           	line	167
  2826                           	
  2827  0BBC                     l73:	
  2828                           	
  2829  0BBC  0874               	movf	(116),w
  2830                           	
  2831  0BBD  3A00               		xorlw	0^0
  2832  0BBE  1903               	skipnz
  2833  0BBF  2B67               	goto	l74
  2834  0BC0  3A01               	xorlw	1^0
  2835  0BC1  1903               	skipnz
  2836  0BC2  2B75               	goto	l76
  2837  0BC3  3A03               	xorlw	2^1
  2838  0BC4  1903               	skipnz
  2839  0BC5  2BAA               	goto	l84
  2840  0BC6  2BC7               	goto	l72
  2841                           
  2842                           	line	177
  2843                           	
  2844  0BC7                     l72:	
  2845  0BC7  2CA7               	goto	l69
  2846                           	line	179
  2847                           ;main.c: 178: }
  2848                           ;main.c: 179: case 0x07:
  2849                           	
  2850  0BC8                     l86:	
  2851                           	line	180
  2852                           ;main.c: 180: { switch(tset)
  2853  0BC8  2C14               	goto	l88
  2854                           	line	182
  2855                           ;main.c: 181: {
  2856                           ;main.c: 182: case 0: mmkey++; if(mmkey>3)mmkey
                                 =3; lcd_change=1; buz=1; break;
  2857                           	
  2858  0BC9                     l89:	
  2859  0BC9  3001               	movlw	(01h)
  2860  0BCA  00DD               	movwf	(??_alarmmenu+6+0)
  2861                           	
  2862  0BCB  085D               	movf	(??_alarmmenu+6+0),w
  2863  0BCC  07F1               	addwf	(113),f
  2864  0BCD  3004               	movlw	(04h)
  2865                           	
  2866  0BCE  0271               	subwf	(113),w
  2867  0BCF  1C03               	skipc
  2868  0BD0  2BD2               	goto	u4901
  2869  0BD1  2BD3               	goto	u4900
  2870  0BD2                     u4901:
  2871  0BD2  2BD7               	goto	l90
  2872  0BD3                     u4900:
  2873  0BD3  3003               	movlw	(03h)
  2874  0BD4  00DD               	movwf	(??_alarmmenu+6+0)
  2875                           	
  2876  0BD5  085D               	movf	(??_alarmmenu+6+0),w
  2877  0BD6  00F1               	movwf	(113)
  2878                           	
  2879  0BD7                     l90:	
  2880  0BD7  14F3               	bsf	(921/8),(921)&7
  2881  0BD8  1473               	bsf	(920/8),(920)&7
  2882  0BD9  2C1F               	goto	l87
  2883                           	line	183
  2884                           ;main.c: 183: case 1: switch(mcurpos)
  2885                           	
  2886  0BDA                     l91:	
  2887  0BDA  2BFC               	goto	l93
  2888                           	line	185
  2889                           ;main.c: 184: {
  2890                           ;main.c: 185: case 1: a_hr--; if(a_hr<1)a_hr=12
                                 ; lcd_change=1; buz=1; break;
  2891                           	
  2892  0BDB                     l94:	
  2893                           	
  2894                           	
  2895  0BDB  3001               	movlw	low(01h)
  2896  0BDC  02DA               	subwf	(_alarmmenu_a_hr),f
  2897  0BDD  3001               	movlw	(01h)
  2898                           	
  2899  0BDE  025A               	subwf	(_alarmmenu_a_hr),w
  2900  0BDF  1803               	skipnc
  2901  0BE0  2BE2               	goto	u4911
  2902  0BE1  2BE3               	goto	u4910
  2903  0BE2                     u4911:
  2904  0BE2  2BE5               	goto	l95
  2905  0BE3                     u4910:
  2906  0BE3  300C               	movlw	(0Ch)
  2907                           	
  2908  0BE4  00DA               	movwf	(_alarmmenu_a_hr)
  2909                           	
  2910  0BE5                     l95:	
  2911  0BE5  14F3               	bsf	(921/8),(921)&7
  2912  0BE6  1473               	bsf	(920/8),(920)&7
  2913  0BE7  2C07               	goto	l92
  2914                           	line	186
  2915                           ;main.c: 186: case 2: a_min--; if(a_min<=0)a_mi
                                 n=59; lcd_change=1; buz=1; break;
  2916                           	
  2917  0BE8                     l96:	
  2918                           	
  2919                           	
  2920  0BE8  3001               	movlw	low(01h)
  2921  0BE9  02DC               	subwf	(_alarmmenu_a_min),f
  2922                           	
  2923  0BEA  08DC               	movf	(_alarmmenu_a_min),f
  2924  0BEB  1D03               	skipz
  2925  0BEC  2BEE               	goto	u4921
  2926  0BED  2BEF               	goto	u4920
  2927  0BEE                     u4921:
  2928  0BEE  2BF1               	goto	l97
  2929  0BEF                     u4920:
  2930  0BEF  303B               	movlw	(03Bh)
  2931                           	
  2932  0BF0  00DC               	movwf	(_alarmmenu_a_min)
  2933                           	
  2934  0BF1                     l97:	
  2935  0BF1  14F3               	bsf	(921/8),(921)&7
  2936  0BF2  1473               	bsf	(920/8),(920)&7
  2937  0BF3  2C07               	goto	l92
  2938                           	line	187
  2939                           ;main.c: 187: case 3: a_ampm=0; lcd_change=1; b
                                 uz=1; break;
  2940                           	
  2941  0BF4                     l98:	
  2942  0BF4  1003               	clrc
  2943                           	
  2944  0BF5  3000               	movlw	0
  2945  0BF6  1803               	btfsc	status,0
  2946  0BF7  3001               	movlw	1
  2947  0BF8  00D8               	movwf	(_alarmmenu_a_ampm)
  2948  0BF9  14F3               	bsf	(921/8),(921)&7
  2949  0BFA  1473               	bsf	(920/8),(920)&7
  2950  0BFB  2C07               	goto	l92
  2951                           	line	183
  2952                           	
  2953  0BFC                     l93:	
  2954                           	
  2955  0BFC  087A               	movf	(122),w
  2956                           	
  2957  0BFD  3A01               		xorlw	1^0
  2958  0BFE  1903               	skipnz
  2959  0BFF  2BDB               	goto	l94
  2960  0C00  3A03               	xorlw	2^1
  2961  0C01  1903               	skipnz
  2962  0C02  2BE8               	goto	l96
  2963  0C03  3A01               	xorlw	3^2
  2964  0C04  1903               	skipnz
  2965  0C05  2BF4               	goto	l98
  2966  0C06  2C07               	goto	l92
  2967                           
  2968                           	line	188
  2969                           	
  2970  0C07                     l92:	
  2971  0C07  2C1F               	goto	l87
  2972                           	line	189
  2973                           ;main.c: 189: case 2: a_dur--; if(a_dur<=0)a_du
                                 r=180; lcd_change=1; buz=1; break;
  2974                           	
  2975  0C08                     l99:	
  2976                           	
  2977                           	
  2978  0C08  3001               	movlw	low(01h)
  2979  0C09  02DB               	subwf	(_alarmmenu_a_dur),f
  2980                           	
  2981  0C0A  08DB               	movf	(_alarmmenu_a_dur),f
  2982  0C0B  1D03               	skipz
  2983  0C0C  2C0E               	goto	u4931
  2984  0C0D  2C0F               	goto	u4930
  2985  0C0E                     u4931:
  2986  0C0E  2C11               	goto	l100
  2987  0C0F                     u4930:
  2988  0C0F  30B4               	movlw	(0B4h)
  2989                           	
  2990  0C10  00DB               	movwf	(_alarmmenu_a_dur)
  2991                           	
  2992  0C11                     l100:	
  2993  0C11  14F3               	bsf	(921/8),(921)&7
  2994  0C12  1473               	bsf	(920/8),(920)&7
  2995  0C13  2C1F               	goto	l87
  2996                           	line	180
  2997                           	
  2998  0C14                     l88:	
  2999                           	
  3000  0C14  0874               	movf	(116),w
  3001                           	
  3002  0C15  3A00               		xorlw	0^0
  3003  0C16  1903               	skipnz
  3004  0C17  2BC9               	goto	l89
  3005  0C18  3A01               	xorlw	1^0
  3006  0C19  1903               	skipnz
  3007  0C1A  2BDA               	goto	l91
  3008  0C1B  3A03               	xorlw	2^1
  3009  0C1C  1903               	skipnz
  3010  0C1D  2C08               	goto	l99
  3011  0C1E  2C1F               	goto	l87
  3012                           
  3013                           	line	190
  3014                           	
  3015  0C1F                     l87:	
  3016  0C1F  2CA7               	goto	l69
  3017                           	line	192
  3018                           ;main.c: 191: }
  3019                           ;main.c: 192: case 0x03: if(tset==1){mcurpos--;
                                  if(mcurpos<1)mcurpos=1; lcd_change=1; buz=1;} 
                                 break;
  3020                           	
  3021  0C20                     l101:	
  3022                           	
  3023  0C20  0874               	movf	(116),w
  3024                           	
  3025  0C21  3A01               	xorlw	01h
  3026  0C22  1D03               	skipz
  3027  0C23  2C25               	goto	u4941
  3028  0C24  2C26               	goto	u4940
  3029  0C25                     u4941:
  3030  0C25  2C33               	goto	l102
  3031  0C26                     u4940:
  3032                           	
  3033                           	
  3034  0C26  3001               	movlw	low(01h)
  3035  0C27  02FA               	subwf	(122),f
  3036  0C28  3001               	movlw	(01h)
  3037                           	
  3038  0C29  027A               	subwf	(122),w
  3039  0C2A  1803               	skipnc
  3040  0C2B  2C2D               	goto	u4951
  3041  0C2C  2C2E               	goto	u4950
  3042  0C2D                     u4951:
  3043  0C2D  2C31               	goto	l103
  3044  0C2E                     u4950:
  3045                           	
  3046  0C2E  01FA               	clrf	(122)
  3047  0C2F  1403               	bsf	status,0
  3048  0C30  0DFA               	rlf	(122),f
  3049                           	
  3050  0C31                     l103:	
  3051  0C31  14F3               	bsf	(921/8),(921)&7
  3052  0C32  1473               	bsf	(920/8),(920)&7
  3053                           	
  3054  0C33                     l102:	
  3055  0C33  2CA7               	goto	l69
  3056                           	line	193
  3057                           ;main.c: 193: case 0x05: if(tset==1){mcurpos++;
                                  if(mcurpos>3)mcurpos=3; lcd_change=1; buz=1;} 
                                 break;
  3058                           	
  3059  0C34                     l104:	
  3060                           	
  3061  0C34  0874               	movf	(116),w
  3062                           	
  3063  0C35  3A01               	xorlw	01h
  3064  0C36  1D03               	skipz
  3065  0C37  2C39               	goto	u4961
  3066  0C38  2C3A               	goto	u4960
  3067  0C39                     u4961:
  3068  0C39  2C4A               	goto	l105
  3069  0C3A                     u4960:
  3070  0C3A  3001               	movlw	(01h)
  3071  0C3B  00DD               	movwf	(??_alarmmenu+6+0)
  3072                           	
  3073  0C3C  085D               	movf	(??_alarmmenu+6+0),w
  3074  0C3D  07FA               	addwf	(122),f
  3075  0C3E  3004               	movlw	(04h)
  3076                           	
  3077  0C3F  027A               	subwf	(122),w
  3078  0C40  1C03               	skipc
  3079  0C41  2C43               	goto	u4971
  3080  0C42  2C44               	goto	u4970
  3081  0C43                     u4971:
  3082  0C43  2C48               	goto	l106
  3083  0C44                     u4970:
  3084  0C44  3003               	movlw	(03h)
  3085  0C45  00DD               	movwf	(??_alarmmenu+6+0)
  3086                           	
  3087  0C46  085D               	movf	(??_alarmmenu+6+0),w
  3088  0C47  00FA               	movwf	(122)
  3089                           	
  3090  0C48                     l106:	
  3091  0C48  14F3               	bsf	(921/8),(921)&7
  3092  0C49  1473               	bsf	(920/8),(920)&7
  3093                           	
  3094  0C4A                     l105:	
  3095  0C4A  2CA7               	goto	l69
  3096                           	line	194
  3097                           ;main.c: 194: case 0x08: if(tset)tset=0; else{M
                                 ENU_MODE = 0x02; mkey=stat+1; lcd_change=1; buz
                                 =1;} break;
  3098                           	
  3099  0C4B                     l107:	
  3100                           	
  3101  0C4B  08F4               	movf	(116),f
  3102  0C4C  1D03               	skipz
  3103  0C4D  2C4F               	goto	u4980
  3104  0C4E  2C55               	goto	l108
  3105  0C4F                     u4980:
  3106  0C4F  1003               	clrc
  3107                           	
  3108  0C50  3000               	movlw	0
  3109  0C51  1803               	btfsc	status,0
  3110  0C52  3001               	movlw	1
  3111  0C53  00F4               	movwf	(116)
  3112  0C54  2C60               	goto	l109
  3113                           	
  3114  0C55                     l108:	
  3115  0C55  3002               	movlw	(02h)
  3116  0C56  00DD               	movwf	(??_alarmmenu+6+0)
  3117                           	
  3118  0C57  085D               	movf	(??_alarmmenu+6+0),w
  3119  0C58  00F2               	movwf	(114)
  3120                           	
  3121  0C59  0857               	movf	(_alarmmenu_stat),w
  3122                           	
  3123  0C5A  3E01               	addlw	01h
  3124  0C5B  00DD               	movwf	(??_alarmmenu+6+0)
  3125                           	
  3126  0C5C  085D               	movf	(??_alarmmenu+6+0),w
  3127  0C5D  00F0               	movwf	(112)
  3128  0C5E  14F3               	bsf	(921/8),(921)&7
  3129  0C5F  1473               	bsf	(920/8),(920)&7
  3130                           	
  3131  0C60                     l109:	
  3132  0C60  2CA7               	goto	l69
  3133                           	line	195
  3134                           ;main.c: 195: case 0x04:
  3135                           	
  3136  0C61                     l110:	
  3137                           	line	197
  3138                           ;main.c: 196: {
  3139                           ;main.c: 197: switch(mmkey)
  3140  0C61  2C87               	goto	l112
  3141                           	line	199
  3142                           ;main.c: 198: {
  3143                           ;main.c: 199: case 1: tset=0; if(a_on) a_on=0; 
                                 else a_on=1; lcd_change=1; buz=1; break;
  3144                           	
  3145  0C62                     l113:	
  3146  0C62  1003               	clrc
  3147                           	
  3148  0C63  3000               	movlw	0
  3149  0C64  1803               	btfsc	status,0
  3150  0C65  3001               	movlw	1
  3151  0C66  00F4               	movwf	(116)
  3152                           	
  3153  0C67  08D9               	movf	(_alarmmenu_a_on),f
  3154  0C68  1D03               	skipz
  3155  0C69  2C6B               	goto	u4990
  3156  0C6A  2C71               	goto	l114
  3157  0C6B                     u4990:
  3158  0C6B  1003               	clrc
  3159                           	
  3160  0C6C  3000               	movlw	0
  3161  0C6D  1803               	btfsc	status,0
  3162  0C6E  3001               	movlw	1
  3163  0C6F  00D9               	movwf	(_alarmmenu_a_on)
  3164  0C70  2C74               	goto	l115
  3165                           	
  3166  0C71                     l114:	
  3167                           	
  3168  0C71  01D9               	clrf	(_alarmmenu_a_on)
  3169  0C72  1403               	bsf	status,0
  3170  0C73  0DD9               	rlf	(_alarmmenu_a_on),f
  3171                           	
  3172  0C74                     l115:	
  3173  0C74  14F3               	bsf	(921/8),(921)&7
  3174  0C75  1473               	bsf	(920/8),(920)&7
  3175  0C76  2C92               	goto	l111
  3176                           	line	200
  3177                           ;main.c: 200: case 2: tset=1; mcurpos=1; lcd_ch
                                 ange=1; buz=1; break;
  3178                           	
  3179  0C77                     l116:	
  3180                           	
  3181  0C77  01F4               	clrf	(116)
  3182  0C78  1403               	bsf	status,0
  3183  0C79  0DF4               	rlf	(116),f
  3184                           	
  3185  0C7A  01FA               	clrf	(122)
  3186  0C7B  1403               	bsf	status,0
  3187  0C7C  0DFA               	rlf	(122),f
  3188  0C7D  14F3               	bsf	(921/8),(921)&7
  3189  0C7E  1473               	bsf	(920/8),(920)&7
  3190  0C7F  2C92               	goto	l111
  3191                           	line	201
  3192                           ;main.c: 201: case 3: tset=2; lcd_change=1; buz
                                 =1; break;
  3193                           	
  3194  0C80                     l117:	
  3195  0C80  3002               	movlw	(02h)
  3196  0C81  00DD               	movwf	(??_alarmmenu+6+0)
  3197                           	
  3198  0C82  085D               	movf	(??_alarmmenu+6+0),w
  3199  0C83  00F4               	movwf	(116)
  3200  0C84  14F3               	bsf	(921/8),(921)&7
  3201  0C85  1473               	bsf	(920/8),(920)&7
  3202  0C86  2C92               	goto	l111
  3203                           	line	197
  3204                           	
  3205  0C87                     l112:	
  3206                           	
  3207  0C87  0871               	movf	(113),w
  3208                           	
  3209  0C88  3A01               		xorlw	1^0
  3210  0C89  1903               	skipnz
  3211  0C8A  2C62               	goto	l113
  3212  0C8B  3A03               	xorlw	2^1
  3213  0C8C  1903               	skipnz
  3214  0C8D  2C77               	goto	l116
  3215  0C8E  3A01               	xorlw	3^2
  3216  0C8F  1903               	skipnz
  3217  0C90  2C80               	goto	l117
  3218  0C91  2C92               	goto	l111
  3219                           
  3220                           	line	202
  3221                           	
  3222  0C92                     l111:	
  3223                           	line	204
  3224                           ;main.c: 203: }
  3225                           ;main.c: 204: }
  3226  0C92  2CA7               	goto	l69
  3227                           	line	163
  3228                           	
  3229  0C93                     l70:	
  3230                           	
  3231  0C93  0856               	movf	(_alarmmenu_akey),w
  3232                           	
  3233  0C94  3A02               		xorlw	2^0
  3234  0C95  1903               	skipnz
  3235  0C96  2B66               	goto	l71
  3236  0C97  3A01               	xorlw	3^2
  3237  0C98  1903               	skipnz
  3238  0C99  2C20               	goto	l101
  3239  0C9A  3A07               	xorlw	4^3
  3240  0C9B  1903               	skipnz
  3241  0C9C  2C61               	goto	l110
  3242  0C9D  3A01               	xorlw	5^4
  3243  0C9E  1903               	skipnz
  3244  0C9F  2C34               	goto	l104
  3245  0CA0  3A02               	xorlw	7^5
  3246  0CA1  1903               	skipnz
  3247  0CA2  2BC8               	goto	l86
  3248  0CA3  3A0F               	xorlw	8^7
  3249  0CA4  1903               	skipnz
  3250  0CA5  2C4B               	goto	l107
  3251  0CA6  2CA7               	goto	l69
  3252                           
  3253                           	line	204
  3254                           	
  3255  0CA7                     l69:	
  3256                           	line	205
  3257                           ;main.c: 205: switch(stat)
  3258  0CA7  2CF0               	goto	l119
  3259                           	line	207
  3260                           ;main.c: 206: {
  3261                           ;main.c: 207: case 1: { a1_hours=a_hr; a1_minut
                                 es=a_min; A1_ON=a_on; a1_ampm=a_ampm; a1_durati
                                 on=a_dur;}break;
  3262                           	
  3263  0CA8                     l120:	
  3264                           	
  3265  0CA8  085A               	movf	(_alarmmenu_a_hr),w
  3266                           	
  3267  0CA9  00DD               	movwf	(??_alarmmenu+6+0)
  3268                           	
  3269  0CAA  085D               	movf	(??_alarmmenu+6+0),w
  3270  0CAB  00C1               	movwf	(65)
  3271                           	
  3272  0CAC  085C               	movf	(_alarmmenu_a_min),w
  3273                           	
  3274  0CAD  00DD               	movwf	(??_alarmmenu+6+0)
  3275                           	
  3276  0CAE  085D               	movf	(??_alarmmenu+6+0),w
  3277  0CAF  00C0               	movwf	(64)
  3278                           	
  3279  0CB0  0859               	movf	(_alarmmenu_a_on),w
  3280                           	
  3281  0CB1  00DD               	movwf	(??_alarmmenu+6+0)
  3282                           	
  3283  0CB2  085D               	movf	(??_alarmmenu+6+0),w
  3284  0CB3  00CD               	movwf	(77)
  3285                           	
  3286  0CB4  107D               	bcf	(1000/8),(1000)&7
  3287  0CB5  1C58               	btfss	(_alarmmenu_a_ampm),0
  3288  0CB6  2CB8               	goto	u5005
  3289  0CB7  147D               	bsf	(1000/8),(1000)&7
  3290  0CB8                     u5005:
  3291                           
  3292                           	
  3293  0CB8  085B               	movf	(_alarmmenu_a_dur),w
  3294                           	
  3295  0CB9  00DD               	movwf	(??_alarmmenu+6+0)
  3296  0CBA  01DE               	clrf	(??_alarmmenu+6+0+1)
  3297                           	
  3298  0CBB  085D               	movf	0+(??_alarmmenu+6+0),w
  3299  0CBC  00C8               	movwf	(72)
  3300  0CBD  085E               	movf	1+(??_alarmmenu+6+0),w
  3301  0CBE  00C9               	movwf	(72+1)
  3302  0CBF  2CFB               	goto	l118
  3303                           	line	208
  3304                           ;main.c: 208: case 2: { a2_hours=a_hr; a2_minut
                                 es=a_min; A2_ON=a_on; a2_ampm=a_ampm; a2_durati
                                 on=a_dur;}break;
  3305                           	
  3306  0CC0                     l121:	
  3307                           	
  3308  0CC0  085A               	movf	(_alarmmenu_a_hr),w
  3309                           	
  3310  0CC1  00DD               	movwf	(??_alarmmenu+6+0)
  3311                           	
  3312  0CC2  085D               	movf	(??_alarmmenu+6+0),w
  3313  0CC3  00C2               	movwf	(66)
  3314                           	
  3315  0CC4  085C               	movf	(_alarmmenu_a_min),w
  3316                           	
  3317  0CC5  00DD               	movwf	(??_alarmmenu+6+0)
  3318                           	
  3319  0CC6  085D               	movf	(??_alarmmenu+6+0),w
  3320  0CC7  00C4               	movwf	(68)
  3321                           	
  3322  0CC8  0859               	movf	(_alarmmenu_a_on),w
  3323                           	
  3324  0CC9  00DD               	movwf	(??_alarmmenu+6+0)
  3325                           	
  3326  0CCA  085D               	movf	(??_alarmmenu+6+0),w
  3327  0CCB  00CC               	movwf	(76)
  3328                           	
  3329  0CCC  10FD               	bcf	(1001/8),(1001)&7
  3330  0CCD  1C58               	btfss	(_alarmmenu_a_ampm),0
  3331  0CCE  2CD0               	goto	u5015
  3332  0CCF  14FD               	bsf	(1001/8),(1001)&7
  3333  0CD0                     u5015:
  3334                           
  3335                           	
  3336  0CD0  085B               	movf	(_alarmmenu_a_dur),w
  3337                           	
  3338  0CD1  00DD               	movwf	(??_alarmmenu+6+0)
  3339  0CD2  01DE               	clrf	(??_alarmmenu+6+0+1)
  3340                           	
  3341  0CD3  085D               	movf	0+(??_alarmmenu+6+0),w
  3342  0CD4  00C6               	movwf	(70)
  3343  0CD5  085E               	movf	1+(??_alarmmenu+6+0),w
  3344  0CD6  00C7               	movwf	(70+1)
  3345  0CD7  2CFB               	goto	l118
  3346                           	line	209
  3347                           ;main.c: 209: case 3: { a3_hours=a_hr; a3_minut
                                 es=a_min; A3_ON=a_on; a3_ampm=a_ampm; a3_durati
                                 on=a_dur;}break;
  3348                           	
  3349  0CD8                     l122:	
  3350                           	
  3351  0CD8  085A               	movf	(_alarmmenu_a_hr),w
  3352                           	
  3353  0CD9  00DD               	movwf	(??_alarmmenu+6+0)
  3354                           	
  3355  0CDA  085D               	movf	(??_alarmmenu+6+0),w
  3356  0CDB  00C3               	movwf	(67)
  3357                           	
  3358  0CDC  085C               	movf	(_alarmmenu_a_min),w
  3359                           	
  3360  0CDD  00DD               	movwf	(??_alarmmenu+6+0)
  3361                           	
  3362  0CDE  085D               	movf	(??_alarmmenu+6+0),w
  3363  0CDF  00CE               	movwf	(78)
  3364                           	
  3365  0CE0  0859               	movf	(_alarmmenu_a_on),w
  3366                           	
  3367  0CE1  00DD               	movwf	(??_alarmmenu+6+0)
  3368                           	
  3369  0CE2  085D               	movf	(??_alarmmenu+6+0),w
  3370  0CE3  00C5               	movwf	(69)
  3371                           	
  3372  0CE4  117D               	bcf	(1002/8),(1002)&7
  3373  0CE5  1C58               	btfss	(_alarmmenu_a_ampm),0
  3374  0CE6  2CE8               	goto	u5025
  3375  0CE7  157D               	bsf	(1002/8),(1002)&7
  3376  0CE8                     u5025:
  3377                           
  3378                           	
  3379  0CE8  085B               	movf	(_alarmmenu_a_dur),w
  3380                           	
  3381  0CE9  00DD               	movwf	(??_alarmmenu+6+0)
  3382  0CEA  01DE               	clrf	(??_alarmmenu+6+0+1)
  3383                           	
  3384  0CEB  085D               	movf	0+(??_alarmmenu+6+0),w
  3385  0CEC  00CA               	movwf	(74)
  3386  0CED  085E               	movf	1+(??_alarmmenu+6+0),w
  3387  0CEE  00CB               	movwf	(74+1)
  3388  0CEF  2CFB               	goto	l118
  3389                           	line	205
  3390                           	
  3391  0CF0                     l119:	
  3392                           	
  3393  0CF0  0857               	movf	(_alarmmenu_stat),w
  3394                           	
  3395  0CF1  3A01               		xorlw	1^0
  3396  0CF2  1903               	skipnz
  3397  0CF3  2CA8               	goto	l120
  3398  0CF4  3A03               	xorlw	2^1
  3399  0CF5  1903               	skipnz
  3400  0CF6  2CC0               	goto	l121
  3401  0CF7  3A01               	xorlw	3^2
  3402  0CF8  1903               	skipnz
  3403  0CF9  2CD8               	goto	l122
  3404  0CFA  2CFB               	goto	l118
  3405                           
  3406                           	line	210
  3407                           	
  3408  0CFB                     l118:	
  3409                           	line	211
  3410                           ;main.c: 211: }
  3411  0CFB                     l63:	
  3412  0CFB  0008               	return
  3413                           	psect	text141,local,class=CODE,delta=2
  3414                           	opt stack 0
  3415                           ; =============== function _alarmmenu ends ====
                                 ===========
  3416                           
  3417                           GLOBAL __end_of_alarmmenu
  3418  06DF                     	__end_of_alarmmenu:
  3419                           	FNSIZE	_alarmmenu,8,1
  3420                           	signat	_alarmmenu,8312
  3421                           	global	_buzz
  3422                           	global	??_buzz
  3423                           	global	?_buzz
  3424                           
  3425                           ; *************** function _buzz **************
                                 *
  3426                           ; Defined at:
  3427                           ;		line 61 in file "E:\Projects\Asil\Motor Fina
                                 l\MENU\main.c"
  3428                           ; Parameters:
  3429                           ;		None
  3430                           ; Auto variables:
  3431                           ;		tone        	       	type: unsigned char 
  3432                           ; Return value:
  3433                           ;		type: void 
  3434                           ;		size: 0
  3435                           ; Registers used:
  3436                           ;		wreg, status,2, status,0
  3437                           ; Tracked objects:
  3438                           ;		On entry : 300/0
  3439                           ;		On exit  : 0/0
  3440                           ;		Unchanged: 0/0
  3441                           ; Data sizes:
  3442                           ;		Autos:    1
  3443                           ;		Params:   0
  3444                           ;		Temp:     1
  3445                           ;		Total:    2
  3446                           ; This function calls:
  3447                           ;		__delay
  3448                           ; This function is called by:
  3449                           ;		_main
  3450                           ; This function uses a non-reentrant model
  3451                           ; 
  3452                           	file	"E:\Projects\Asil\Motor Final\MENU\main.c
                                 "
  3453                           	line	61
  3454                           ;main.c: 5: asm("\tpsect config,class=CONFIG,de
                                 lta=2"); asm("\tdw ""0x1FFF & 0x3FFD & 0x3FFB &
                                  0x3FFF & 0x3FBF & 0x3F7F");
  3455                           ;main.c: 56: unsigned near char MENU_MODE, key,
                                  mkey, cursorpos, duration, mincntr, alflag;
  3456                           ;main.c: 57: near bit lcd_change, buz;
  3457                           ;main.c: 60: void buzz(void)
  3458                           ;main.c: 61: {
  3459                           	
  3460  06DF                     _buzz:	
  3461                           	opt stack 5
  3462                           ; Regs used in _buzz: [wreg+status,2+status,0]
  3463                           	line	62
  3464                           ;main.c: 62: unsigned char tone=500;
  3465  06DF  30F4               	movlw	(0F4h)
  3466                           	
  3467  06E0  00D6               	movwf	(_buzz_tone)
  3468                           	line	63
  3469                           ;main.c: 63: while(tone--)
  3470  06E1  2EEB               	goto	l12
  3471                           	
  3472  06E2                     l13:	
  3473                           	line	65
  3474                           ;main.c: 64: {
  3475                           ;main.c: 65: _delay((unsigned long)((50)*(40000
                                 00/4000000.0)));
  3476                           	
  3477  06E2  3010               	movlw	16
  3478  06E3  00D7               movwf	(??_buzz+1+0),f
  3479  06E4                     u5407:
  3480  06E4  0BD7               decfsz	(??_buzz+1+0),f
  3481  06E5  2EE4               	goto	u5407
  3482  06E6  0064               	clrwdt
  3483                           
  3484                           	line	66
  3485                           ;main.c: 66: RC0 ^= 1;
  3486  06E7  1283               	bcf	status, 5	;RP0=0, select bank0
  3487  06E8  1303               	bcf	status, 6	;RP2=0, select bank0
  3488                           	
  3489  06E9  3001               	movlw	1<<((56)&7)
  3490  06EA  0687               	xorwf	((56)/8),f
  3491                           	line	67
  3492                           	
  3493  06EB                     l12:	
  3494                           	line	63
  3495                           	
  3496                           	
  3497  06EB  3001               	movlw	low(01h)
  3498  06EC  02D6               	subwf	(_buzz_tone),f
  3499  06ED  0856               	movf	((_buzz_tone))&07fh,w
  3500                           	
  3501  06EE  3AFF               	xorlw	0FFh
  3502  06EF  1D03               	skipz
  3503  06F0  2EF2               	goto	u5031
  3504  06F1  2EF3               	goto	u5030
  3505  06F2                     u5031:
  3506  06F2  2EE2               	goto	l13
  3507  06F3                     u5030:
  3508                           	
  3509  06F3                     l14:	
  3510                           	line	68
  3511                           ;main.c: 67: }
  3512                           ;main.c: 68: }
  3513  06F3                     l11:	
  3514  06F3  0008               	return
  3515                           	psect	text142,local,class=CODE,delta=2
  3516                           	opt stack 0
  3517                           ; =============== function _buzz ends =========
                                 ======
  3518                           
  3519                           GLOBAL __end_of_buzz
  3520  0CFC                     	__end_of_buzz:
  3521                           	FNSIZE	_buzz,2,0
  3522                           	signat	_buzz,88
  3523                           	global	_drawamenu
  3524                           	global	??_drawamenu
  3525                           	global	?_drawamenu
  3526                           
  3527                           ; *************** function _drawamenu *********
                                 ******
  3528                           ; Defined at:
  3529                           ;		line 108 in file "E:\Projects\Asil\Motor Fin
                                 al\MENU\main.c"
  3530                           ; Parameters:
  3531                           ;		stat        	reg:   wr	type: unsigned char 
  3532                           ; Auto variables:
  3533                           ;		stat        	       	type: unsigned char 
  3534                           ; Return value:
  3535                           ;		type: void 
  3536                           ;		size: 0
  3537                           ; Registers used:
  3538                           ;		wreg, fsr0l, fsr0h, status,2, status,0, pcla
                                 th, cstack
  3539                           ; Tracked objects:
  3540                           ;		On entry : 300/0
  3541                           ;		On exit  : 0/0
  3542                           ;		Unchanged: 0/0
  3543                           ; Data sizes:
  3544                           ;		Autos:    1
  3545                           ;		Params:   0
  3546                           ;		Temp:     2
  3547                           ;		Total:    3
  3548                           ; This function calls:
  3549                           ;		_lcd_puts
  3550                           ;		_lcd_goto
  3551                           ;		_lcd_putch
  3552                           ;		_showtime
  3553                           ;		___awdiv
  3554                           ;		___awmod
  3555                           ; This function is called by:
  3556                           ;		_main
  3557                           ; This function uses a non-reentrant model
  3558                           ; 
  3559                           	file	"E:\Projects\Asil\Motor Final\MENU\main.c
                                 "
  3560                           	line	108
  3561                           ;main.c: 105: unsigned char mmkey, mcurpos, tse
                                 t;
  3562                           ;main.c: 107: void drawamenu(char stat)
  3563                           ;main.c: 108: {
  3564                           	
  3565  0CFC                     _drawamenu:	
  3566                           	opt stack 5
  3567                           ; Regs used in _drawamenu: [wreg-fsr0h+status,2
                                 +status,0+pclath+cstack]
  3568                           ;_drawamenu_stat stored from wreg
  3569                           	
  3570  0CFC  00D6               	movwf	(_drawamenu_stat)
  3571                           	line	109
  3572                           ;main.c: 109: switch(mmkey)
  3573  0CFD  2FF4               	goto	l24
  3574                           	line	111
  3575                           ;main.c: 110: {
  3576                           ;main.c: 111: case 1:{
  3577                           	
  3578  0CFE                     l25:	
  3579                           	line	112
  3580                           ;main.c: 112: lcd_puts("   ON ALARM");
  3581  0CFE  30A9               	movlw	((STR_4-__stringbase))&0ffh
  3582                           	
  3583  0CFF  00E0               	movwf	(?_lcd_puts)
  3584  0D00  3000               	movlw	00h
  3585  0D01  00E1               	movwf	(?_lcd_puts+1)
  3586  0D02  120A  158A  2135   	fcall	_lcd_puts
              120A  158A         
  3587                           	line	113
  3588                           ;main.c: 113: switch(stat)
  3589  0D07  2D83               	goto	l27
  3590                           	line	115
  3591                           ;main.c: 114: {
  3592                           ;main.c: 115: case 1: lcd_puts("1?   "); lcd_go
                                 to(0x47); if(A1_ON)lcd_puts("YES"); else lcd_pu
                                 ts("NO"); break;
  3593                           	
  3594  0D08                     l28:	
  3595  0D08  30C7               	movlw	((STR_5-__stringbase))&0ffh
  3596                           	
  3597  0D09  00E0               	movwf	(?_lcd_puts)
  3598  0D0A  3000               	movlw	00h
  3599  0D0B  00E1               	movwf	(?_lcd_puts+1)
  3600  0D0C  120A  158A  2135   	fcall	_lcd_puts
              120A  158A         
  3601  0D11  3047               	movlw	(047h)
  3602  0D12  120A  158A  2116   	fcall	_lcd_goto
              120A  158A         
  3603  0D17  1283               	bcf	status, 5	;RP0=0, select bank0
  3604  0D18  1303               	bcf	status, 6	;RP2=0, select bank0
  3605                           	
  3606  0D19  08CD               	movf	(77),f
  3607  0D1A  1D03               	skipz
  3608  0D1B  2D1D               	goto	u5040
  3609  0D1C  2D27               	goto	l29
  3610  0D1D                     u5040:
  3611  0D1D  30CD               	movlw	((STR_6-__stringbase))&0ffh
  3612                           	
  3613  0D1E  00E0               	movwf	(?_lcd_puts)
  3614  0D1F  3000               	movlw	00h
  3615  0D20  00E1               	movwf	(?_lcd_puts+1)
  3616  0D21  120A  158A  2135   	fcall	_lcd_puts
              120A  158A         
  3617  0D26  2D30               	goto	l30
  3618                           	
  3619  0D27                     l29:	
  3620  0D27  30D1               	movlw	((STR_7-__stringbase))&0ffh
  3621                           	
  3622  0D28  00E0               	movwf	(?_lcd_puts)
  3623  0D29  3000               	movlw	00h
  3624  0D2A  00E1               	movwf	(?_lcd_puts+1)
  3625  0D2B  120A  158A  2135   	fcall	_lcd_puts
              120A  158A         
  3626                           	
  3627  0D30                     l30:	
  3628  0D30  2D91               	goto	l26
  3629                           	line	116
  3630                           ;main.c: 116: case 2: lcd_puts("2?   "); lcd_go
                                 to(0x47); if(A2_ON)lcd_puts("YES"); else lcd_pu
                                 ts("NO"); break;
  3631                           	
  3632  0D31                     l31:	
  3633  0D31  30C1               	movlw	((STR_8-__stringbase))&0ffh
  3634                           	
  3635  0D32  00E0               	movwf	(?_lcd_puts)
  3636  0D33  3000               	movlw	00h
  3637  0D34  00E1               	movwf	(?_lcd_puts+1)
  3638  0D35  120A  158A  2135   	fcall	_lcd_puts
              120A  158A         
  3639  0D3A  3047               	movlw	(047h)
  3640  0D3B  120A  158A  2116   	fcall	_lcd_goto
              120A  158A         
  3641  0D40  1283               	bcf	status, 5	;RP0=0, select bank0
  3642  0D41  1303               	bcf	status, 6	;RP2=0, select bank0
  3643                           	
  3644  0D42  08CC               	movf	(76),f
  3645  0D43  1D03               	skipz
  3646  0D44  2D46               	goto	u5050
  3647  0D45  2D50               	goto	l32
  3648  0D46                     u5050:
  3649  0D46  30CD               	movlw	((STR_9-__stringbase))&0ffh
  3650                           	
  3651  0D47  00E0               	movwf	(?_lcd_puts)
  3652  0D48  3000               	movlw	00h
  3653  0D49  00E1               	movwf	(?_lcd_puts+1)
  3654  0D4A  120A  158A  2135   	fcall	_lcd_puts
              120A  158A         
  3655  0D4F  2D59               	goto	l33
  3656                           	
  3657  0D50                     l32:	
  3658  0D50  30D1               	movlw	((STR_10-__stringbase))&0ffh
  3659                           	
  3660  0D51  00E0               	movwf	(?_lcd_puts)
  3661  0D52  3000               	movlw	00h
  3662  0D53  00E1               	movwf	(?_lcd_puts+1)
  3663  0D54  120A  158A  2135   	fcall	_lcd_puts
              120A  158A         
  3664                           	
  3665  0D59                     l33:	
  3666  0D59  2D91               	goto	l26
  3667                           	line	117
  3668                           ;main.c: 117: case 3: lcd_puts("3?   "); lcd_go
                                 to(0x47); if(A3_ON)lcd_puts("YES"); else lcd_pu
                                 ts("NO"); break;
  3669                           	
  3670  0D5A                     l34:	
  3671  0D5A  30BB               	movlw	((STR_11-__stringbase))&0ffh
  3672                           	
  3673  0D5B  00E0               	movwf	(?_lcd_puts)
  3674  0D5C  3000               	movlw	00h
  3675  0D5D  00E1               	movwf	(?_lcd_puts+1)
  3676  0D5E  120A  158A  2135   	fcall	_lcd_puts
              120A  158A         
  3677  0D63  3047               	movlw	(047h)
  3678  0D64  120A  158A  2116   	fcall	_lcd_goto
              120A  158A         
  3679  0D69  1283               	bcf	status, 5	;RP0=0, select bank0
  3680  0D6A  1303               	bcf	status, 6	;RP2=0, select bank0
  3681                           	
  3682  0D6B  08C5               	movf	(69),f
  3683  0D6C  1D03               	skipz
  3684  0D6D  2D6F               	goto	u5060
  3685  0D6E  2D79               	goto	l35
  3686  0D6F                     u5060:
  3687  0D6F  30CD               	movlw	((STR_12-__stringbase))&0ffh
  3688                           	
  3689  0D70  00E0               	movwf	(?_lcd_puts)
  3690  0D71  3000               	movlw	00h
  3691  0D72  00E1               	movwf	(?_lcd_puts+1)
  3692  0D73  120A  158A  2135   	fcall	_lcd_puts
              120A  158A         
  3693  0D78  2D82               	goto	l36
  3694                           	
  3695  0D79                     l35:	
  3696  0D79  30D1               	movlw	((STR_13-__stringbase))&0ffh
  3697                           	
  3698  0D7A  00E0               	movwf	(?_lcd_puts)
  3699  0D7B  3000               	movlw	00h
  3700  0D7C  00E1               	movwf	(?_lcd_puts+1)
  3701  0D7D  120A  158A  2135   	fcall	_lcd_puts
              120A  158A         
  3702                           	
  3703  0D82                     l36:	
  3704  0D82  2D91               	goto	l26
  3705                           	line	113
  3706                           	
  3707  0D83                     l27:	
  3708  0D83  1283               	bcf	status, 5	;RP0=0, select bank0
  3709  0D84  1303               	bcf	status, 6	;RP2=0, select bank0
  3710                           	
  3711  0D85  0856               	movf	(_drawamenu_stat),w
  3712  0D86  1383               	bcf	status, 7	;select IRP bank0
  3713                           	
  3714  0D87  3A01               		xorlw	1^0
  3715  0D88  1903               	skipnz
  3716  0D89  2D08               	goto	l28
  3717  0D8A  3A03               	xorlw	2^1
  3718  0D8B  1903               	skipnz
  3719  0D8C  2D31               	goto	l31
  3720  0D8D  3A01               	xorlw	3^2
  3721  0D8E  1903               	skipnz
  3722  0D8F  2D5A               	goto	l34
  3723  0D90  2D91               	goto	l26
  3724                           
  3725                           	line	118
  3726                           	
  3727  0D91                     l26:	
  3728                           	line	119
  3729                           ;main.c: 119: lcd_goto(0x4F); lcd_putch(0x03);
  3730  0D91  304F               	movlw	(04Fh)
  3731  0D92  120A  158A  2116   	fcall	_lcd_goto
              120A  158A         
  3732  0D97  3003               	movlw	(03h)
  3733  0D98  120A  158A  210A   	fcall	_lcd_putch
              120A  158A         
  3734                           	line	120
  3735                           ;main.c: 120: lcd_goto(0x47); break;
  3736  0D9D  3047               	movlw	(047h)
  3737  0D9E  120A  158A  2116   	fcall	_lcd_goto
              120A  158A         
  3738  0DA3  2FFF               	goto	l23
  3739                           	line	122
  3740                           ;main.c: 121: }
  3741                           ;main.c: 122: case 2:{
  3742                           	
  3743  0DA4                     l37:	
  3744                           	line	123
  3745                           ;main.c: 123: lcd_puts("   SET ALARM:"); lcd_go
                                 to(0x0f); lcd_putch(0x02);
  3746  0DA4  308F               	movlw	((STR_14-__stringbase))&0ffh
  3747                           	
  3748  0DA5  00E0               	movwf	(?_lcd_puts)
  3749  0DA6  3000               	movlw	00h
  3750  0DA7  00E1               	movwf	(?_lcd_puts+1)
  3751  0DA8  120A  158A  2135   	fcall	_lcd_puts
              120A  158A         
  3752  0DAD  300F               	movlw	(0Fh)
  3753  0DAE  120A  158A  2116   	fcall	_lcd_goto
              120A  158A         
  3754  0DB3  3002               	movlw	(02h)
  3755  0DB4  120A  158A  210A   	fcall	_lcd_putch
              120A  158A         
  3756                           	line	124
  3757                           ;main.c: 124: switch(stat)
  3758  0DB9  2E02               	goto	l39
  3759                           	line	126
  3760                           ;main.c: 125: {
  3761                           ;main.c: 126: case 1: showtime(a1_hours, a1_min
                                 utes, 0, a1_ampm, A1_ON); break;
  3762                           	
  3763  0DBA                     l40:	
  3764                           	
  3765  0DBA  084D               	movf	(77),w
  3766                           	
  3767  0DBB  00D7               	movwf	(??_drawamenu+1+0)
  3768                           	
  3769  0DBC  0857               	movf	(??_drawamenu+1+0),w
  3770  0DBD  00DC               	movwf	(0+(?_showtime)+03h)
  3771  0DBE  3000               	movlw	0
  3772  0DBF  187D               	btfsc	(1000/8),(1000)&7
  3773  0DC0  3001               	movlw	1
  3774  0DC1  00D8               	movwf	(??_drawamenu+2+0)
  3775                           	
  3776  0DC2  0858               	movf	(??_drawamenu+2+0),w
  3777  0DC3  00DB               	movwf	(0+(?_showtime)+02h)
  3778  0DC4  1003               	clrc
  3779                           	
  3780  0DC5  3000               	movlw	0
  3781  0DC6  1803               	btfsc	status,0
  3782  0DC7  3001               	movlw	1
  3783  0DC8  00DA               	movwf	(0+(?_showtime)+01h)
  3784                           	
  3785  0DC9  0840               	movf	(64),w
  3786                           	
  3787                           	
  3788  0DCA  00D9               	movwf	(?_showtime)
  3789                           	
  3790  0DCB  0841               	movf	(65),w
  3791                           	
  3792  0DCC  120A  158A  2225   	fcall	_showtime
              120A  158A         
  3793  0DD1  2E10               	goto	l38
  3794                           	line	127
  3795                           ;main.c: 127: case 2: showtime(a2_hours, a2_min
                                 utes, 0, a2_ampm, A2_ON); break;
  3796                           	
  3797  0DD2                     l41:	
  3798                           	
  3799  0DD2  084C               	movf	(76),w
  3800                           	
  3801  0DD3  00D7               	movwf	(??_drawamenu+1+0)
  3802                           	
  3803  0DD4  0857               	movf	(??_drawamenu+1+0),w
  3804  0DD5  00DC               	movwf	(0+(?_showtime)+03h)
  3805  0DD6  3000               	movlw	0
  3806  0DD7  18FD               	btfsc	(1001/8),(1001)&7
  3807  0DD8  3001               	movlw	1
  3808  0DD9  00D8               	movwf	(??_drawamenu+2+0)
  3809                           	
  3810  0DDA  0858               	movf	(??_drawamenu+2+0),w
  3811  0DDB  00DB               	movwf	(0+(?_showtime)+02h)
  3812  0DDC  1003               	clrc
  3813                           	
  3814  0DDD  3000               	movlw	0
  3815  0DDE  1803               	btfsc	status,0
  3816  0DDF  3001               	movlw	1
  3817  0DE0  00DA               	movwf	(0+(?_showtime)+01h)
  3818                           	
  3819  0DE1  0844               	movf	(68),w
  3820                           	
  3821                           	
  3822  0DE2  00D9               	movwf	(?_showtime)
  3823                           	
  3824  0DE3  0842               	movf	(66),w
  3825                           	
  3826  0DE4  120A  158A  2225   	fcall	_showtime
              120A  158A         
  3827  0DE9  2E10               	goto	l38
  3828                           	line	128
  3829                           ;main.c: 128: case 3: showtime(a3_hours, a3_min
                                 utes, 0, a3_ampm, A3_ON); break;
  3830                           	
  3831  0DEA                     l42:	
  3832                           	
  3833  0DEA  0845               	movf	(69),w
  3834                           	
  3835  0DEB  00D7               	movwf	(??_drawamenu+1+0)
  3836                           	
  3837  0DEC  0857               	movf	(??_drawamenu+1+0),w
  3838  0DED  00DC               	movwf	(0+(?_showtime)+03h)
  3839  0DEE  3000               	movlw	0
  3840  0DEF  197D               	btfsc	(1002/8),(1002)&7
  3841  0DF0  3001               	movlw	1
  3842  0DF1  00D8               	movwf	(??_drawamenu+2+0)
  3843                           	
  3844  0DF2  0858               	movf	(??_drawamenu+2+0),w
  3845  0DF3  00DB               	movwf	(0+(?_showtime)+02h)
  3846  0DF4  1003               	clrc
  3847                           	
  3848  0DF5  3000               	movlw	0
  3849  0DF6  1803               	btfsc	status,0
  3850  0DF7  3001               	movlw	1
  3851  0DF8  00DA               	movwf	(0+(?_showtime)+01h)
  3852                           	
  3853  0DF9  084E               	movf	(78),w
  3854                           	
  3855                           	
  3856  0DFA  00D9               	movwf	(?_showtime)
  3857                           	
  3858  0DFB  0843               	movf	(67),w
  3859                           	
  3860  0DFC  120A  158A  2225   	fcall	_showtime
              120A  158A         
  3861  0E01  2E10               	goto	l38
  3862                           	line	124
  3863                           	
  3864  0E02                     l39:	
  3865  0E02  1283               	bcf	status, 5	;RP0=0, select bank0
  3866  0E03  1303               	bcf	status, 6	;RP2=0, select bank0
  3867                           	
  3868  0E04  0856               	movf	(_drawamenu_stat),w
  3869  0E05  1383               	bcf	status, 7	;select IRP bank0
  3870                           	
  3871  0E06  3A01               		xorlw	1^0
  3872  0E07  1903               	skipnz
  3873  0E08  2DBA               	goto	l40
  3874  0E09  3A03               	xorlw	2^1
  3875  0E0A  1903               	skipnz
  3876  0E0B  2DD2               	goto	l41
  3877  0E0C  3A01               	xorlw	3^2
  3878  0E0D  1903               	skipnz
  3879  0E0E  2DEA               	goto	l42
  3880  0E0F  2E10               	goto	l38
  3881                           
  3882                           	line	129
  3883                           	
  3884  0E10                     l38:	
  3885                           	line	130
  3886                           ;main.c: 130: lcd_goto(0x4F); lcd_putch(0x03);
  3887  0E10  304F               	movlw	(04Fh)
  3888  0E11  120A  158A  2116   	fcall	_lcd_goto
              120A  158A         
  3889  0E16  3003               	movlw	(03h)
  3890  0E17  120A  158A  210A   	fcall	_lcd_putch
              120A  158A         
  3891                           	line	131
  3892                           ;main.c: 131: switch(mcurpos)
  3893  0E1C  2E39               	goto	l44
  3894                           	line	133
  3895                           ;main.c: 132: {
  3896                           ;main.c: 133: case 0: lcd_goto(0x50); break;
  3897                           	
  3898  0E1D                     l45:	
  3899  0E1D  3050               	movlw	(050h)
  3900  0E1E  120A  158A  2116   	fcall	_lcd_goto
              120A  158A         
  3901  0E23  2E49               	goto	l43
  3902                           	line	134
  3903                           ;main.c: 134: case 1: lcd_goto(0x43); break;
  3904                           	
  3905  0E24                     l46:	
  3906  0E24  3043               	movlw	(043h)
  3907  0E25  120A  158A  2116   	fcall	_lcd_goto
              120A  158A         
  3908  0E2A  2E49               	goto	l43
  3909                           	line	135
  3910                           ;main.c: 135: case 2: lcd_goto(0x46); break;
  3911                           	
  3912  0E2B                     l47:	
  3913  0E2B  3046               	movlw	(046h)
  3914  0E2C  120A  158A  2116   	fcall	_lcd_goto
              120A  158A         
  3915  0E31  2E49               	goto	l43
  3916                           	line	136
  3917                           ;main.c: 136: case 3: lcd_goto(0x4C); break;
  3918                           	
  3919  0E32                     l48:	
  3920  0E32  304C               	movlw	(04Ch)
  3921  0E33  120A  158A  2116   	fcall	_lcd_goto
              120A  158A         
  3922  0E38  2E49               	goto	l43
  3923                           	line	131
  3924                           	
  3925  0E39                     l44:	
  3926  0E39  1283               	bcf	status, 5	;RP0=0, select bank0
  3927  0E3A  1303               	bcf	status, 6	;RP2=0, select bank0
  3928                           	
  3929  0E3B  087A               	movf	(122),w
  3930                           	
  3931  0E3C  3A00               		xorlw	0^0
  3932  0E3D  1903               	skipnz
  3933  0E3E  2E1D               	goto	l45
  3934  0E3F  3A01               	xorlw	1^0
  3935  0E40  1903               	skipnz
  3936  0E41  2E24               	goto	l46
  3937  0E42  3A03               	xorlw	2^1
  3938  0E43  1903               	skipnz
  3939  0E44  2E2B               	goto	l47
  3940  0E45  3A01               	xorlw	3^2
  3941  0E46  1903               	skipnz
  3942  0E47  2E32               	goto	l48
  3943  0E48  2E49               	goto	l43
  3944                           
  3945                           	line	137
  3946                           	
  3947  0E49                     l43:	
  3948  0E49  2FFF               	goto	l23
  3949                           	line	139
  3950                           ;main.c: 138: }
  3951                           ;main.c: 139: case 3:{
  3952                           	
  3953  0E4A                     l49:	
  3954                           	line	140
  3955                           ;main.c: 140: lcd_puts(" SET DURATION:"); lcd_g
                                 oto(0x0f); lcd_putch(0x02);
  3956  0E4A  3062               	movlw	((STR_15-__stringbase))&0ffh
  3957                           	
  3958  0E4B  00E0               	movwf	(?_lcd_puts)
  3959  0E4C  3000               	movlw	00h
  3960  0E4D  00E1               	movwf	(?_lcd_puts+1)
  3961  0E4E  120A  158A  2135   	fcall	_lcd_puts
              120A  158A         
  3962  0E53  300F               	movlw	(0Fh)
  3963  0E54  120A  158A  2116   	fcall	_lcd_goto
              120A  158A         
  3964  0E59  3002               	movlw	(02h)
  3965  0E5A  120A  158A  210A   	fcall	_lcd_putch
              120A  158A         
  3966                           	line	141
  3967                           ;main.c: 141: lcd_goto(0x44);
  3968  0E5F  3044               	movlw	(044h)
  3969  0E60  120A  158A  2116   	fcall	_lcd_goto
              120A  158A         
  3970                           	line	142
  3971                           ;main.c: 142: switch(stat)
  3972  0E65  2FC5               	goto	l51
  3973                           	line	144
  3974                           ;main.c: 143: {
  3975                           ;main.c: 144: case 1: lcd_putch((a1_duration/10
                                 0)+'0'); if(a1_duration>=100)lcd_putch(((a1_dur
                                 ation-100)/10)+'0'); else lcd_putch((a1_duratio
                                 n/10)+'0'); lcd_putch((a1_duration%10)+'0'); br
                                 eak;
  3976                           	
  3977  0E66                     l52:	
  3978  0E66  3064               	movlw	low(064h)
  3979                           	
  3980  0E67  00E2               	movwf	(0+(?___awdiv)+02h)
  3981  0E68  3000               	movlw	high(064h)
  3982  0E69  00E3               	movwf	((0+(?___awdiv)+02h))+1
  3983                           	
  3984                           	
  3985  0E6A  0848               	movf	(72),w
  3986  0E6B  01E0               	clrf	(?___awdiv)
  3987  0E6C  07E0               	addwf	(?___awdiv)
  3988  0E6D  0849               	movf	(72+1),w
  3989  0E6E  01E1               	clrf	(?___awdiv+1)
  3990  0E6F  07E1               	addwf	(?___awdiv+1)
  3991  0E70  120A  118A  263F   	fcall	___awdiv
              120A  158A         
  3992  0E75  1283               	bcf	status, 5	;RP0=0, select bank0
  3993  0E76  1303               	bcf	status, 6	;RP2=0, select bank0
  3994  0E77  0860               	movf	(0+?___awdiv),w
  3995                           	
  3996  0E78  3E30               	addlw	030h
  3997  0E79  120A  158A  210A   	fcall	_lcd_putch
              120A  158A         
  3998  0E7E  1283               	bcf	status, 5	;RP0=0, select bank0
  3999  0E7F  1303               	bcf	status, 6	;RP2=0, select bank0
  4000                           	
  4001  0E80  0849               	movf	(72+1),w
  4002  0E81  3A80               	xorlw	80h
  4003  0E82  00D7               	movwf	(??_drawamenu+1+0)
  4004  0E83  3080               	movlw	(high(064h))^80h
  4005  0E84  0257               	subwf	(??_drawamenu+1+0),w
  4006  0E85  1D03               	skipz
  4007  0E86  2E89               	goto	u50710
  4008  0E87                     u50715:
  4009  0E87  3064               	movlw	low(064h)
  4010  0E88  0248               	subwf	(72),w
  4011  0E89                     u50710:
  4012                           
  4013  0E89  1C03               	skipc
  4014  0E8A  2E8C               	goto	u5071
  4015  0E8B  2E8D               	goto	u5070
  4016  0E8C                     u5071:
  4017  0E8C  2EA8               	goto	l53
  4018  0E8D                     u5070:
  4019  0E8D  300A               	movlw	low(0Ah)
  4020                           	
  4021  0E8E  00E2               	movwf	(0+(?___awdiv)+02h)
  4022  0E8F  3000               	movlw	high(0Ah)
  4023  0E90  00E3               	movwf	((0+(?___awdiv)+02h))+1
  4024                           	
  4025  0E91  0848               	movf	(72),w
  4026  0E92  3E9C               	addlw	low(-100)
  4027                           	
  4028  0E93  00E0               	movwf	(?___awdiv)
  4029  0E94  0849               	movf	(72+1),w
  4030  0E95  1803               	skipnc
  4031  0E96  3E01               	addlw	1
  4032  0E97  3EFF               	addlw	high(-100)
  4033  0E98  00E1               	movwf	1+(?___awdiv)
  4034  0E99  120A  118A  263F   	fcall	___awdiv
              120A  158A         
  4035  0E9E  1283               	bcf	status, 5	;RP0=0, select bank0
  4036  0E9F  1303               	bcf	status, 6	;RP2=0, select bank0
  4037  0EA0  0860               	movf	(0+?___awdiv),w
  4038                           	
  4039  0EA1  3E30               	addlw	030h
  4040  0EA2  120A  158A  210A   	fcall	_lcd_putch
              120A  158A         
  4041  0EA7  2EC0               	goto	l54
  4042                           	
  4043  0EA8                     l53:	
  4044  0EA8  300A               	movlw	low(0Ah)
  4045                           	
  4046  0EA9  00E2               	movwf	(0+(?___awdiv)+02h)
  4047  0EAA  3000               	movlw	high(0Ah)
  4048  0EAB  00E3               	movwf	((0+(?___awdiv)+02h))+1
  4049                           	
  4050                           	
  4051  0EAC  0848               	movf	(72),w
  4052  0EAD  01E0               	clrf	(?___awdiv)
  4053  0EAE  07E0               	addwf	(?___awdiv)
  4054  0EAF  0849               	movf	(72+1),w
  4055  0EB0  01E1               	clrf	(?___awdiv+1)
  4056  0EB1  07E1               	addwf	(?___awdiv+1)
  4057  0EB2  120A  118A  263F   	fcall	___awdiv
              120A  158A         
  4058  0EB7  1283               	bcf	status, 5	;RP0=0, select bank0
  4059  0EB8  1303               	bcf	status, 6	;RP2=0, select bank0
  4060  0EB9  0860               	movf	(0+?___awdiv),w
  4061                           	
  4062  0EBA  3E30               	addlw	030h
  4063  0EBB  120A  158A  210A   	fcall	_lcd_putch
              120A  158A         
  4064                           	
  4065  0EC0                     l54:	
  4066  0EC0  300A               	movlw	low(0Ah)
  4067  0EC1  1283               	bcf	status, 5	;RP0=0, select bank0
  4068  0EC2  1303               	bcf	status, 6	;RP2=0, select bank0
  4069                           	
  4070  0EC3  00E2               	movwf	(0+(?___awmod)+02h)
  4071  0EC4  3000               	movlw	high(0Ah)
  4072  0EC5  00E3               	movwf	((0+(?___awmod)+02h))+1
  4073                           	
  4074                           	
  4075  0EC6  0848               	movf	(72),w
  4076  0EC7  01E0               	clrf	(?___awmod)
  4077  0EC8  07E0               	addwf	(?___awmod)
  4078  0EC9  0849               	movf	(72+1),w
  4079  0ECA  01E1               	clrf	(?___awmod+1)
  4080  0ECB  07E1               	addwf	(?___awmod+1)
  4081  0ECC  120A  158A  215B   	fcall	___awmod
              120A  158A         
  4082  0ED1  1283               	bcf	status, 5	;RP0=0, select bank0
  4083  0ED2  1303               	bcf	status, 6	;RP2=0, select bank0
  4084  0ED3  0860               	movf	(0+?___awmod),w
  4085                           	
  4086  0ED4  3E30               	addlw	030h
  4087  0ED5  120A  158A  210A   	fcall	_lcd_putch
              120A  158A         
  4088  0EDA  2FD3               	goto	l50
  4089                           	line	145
  4090                           ;main.c: 145: case 2: lcd_putch((a2_duration/10
                                 0)+'0'); if(a2_duration>=100)lcd_putch(((a2_dur
                                 ation-100)/10)+'0'); else lcd_putch((a2_duratio
                                 n/10)+'0'); lcd_putch((a2_duration%10)+'0'); br
                                 eak;
  4091                           	
  4092  0EDB                     l55:	
  4093  0EDB  3064               	movlw	low(064h)
  4094                           	
  4095  0EDC  00E2               	movwf	(0+(?___awdiv)+02h)
  4096  0EDD  3000               	movlw	high(064h)
  4097  0EDE  00E3               	movwf	((0+(?___awdiv)+02h))+1
  4098                           	
  4099                           	
  4100  0EDF  0846               	movf	(70),w
  4101  0EE0  01E0               	clrf	(?___awdiv)
  4102  0EE1  07E0               	addwf	(?___awdiv)
  4103  0EE2  0847               	movf	(70+1),w
  4104  0EE3  01E1               	clrf	(?___awdiv+1)
  4105  0EE4  07E1               	addwf	(?___awdiv+1)
  4106  0EE5  120A  118A  263F   	fcall	___awdiv
              120A  158A         
  4107  0EEA  1283               	bcf	status, 5	;RP0=0, select bank0
  4108  0EEB  1303               	bcf	status, 6	;RP2=0, select bank0
  4109  0EEC  0860               	movf	(0+?___awdiv),w
  4110                           	
  4111  0EED  3E30               	addlw	030h
  4112  0EEE  120A  158A  210A   	fcall	_lcd_putch
              120A  158A         
  4113  0EF3  1283               	bcf	status, 5	;RP0=0, select bank0
  4114  0EF4  1303               	bcf	status, 6	;RP2=0, select bank0
  4115                           	
  4116  0EF5  0847               	movf	(70+1),w
  4117  0EF6  3A80               	xorlw	80h
  4118  0EF7  00D7               	movwf	(??_drawamenu+1+0)
  4119  0EF8  3080               	movlw	(high(064h))^80h
  4120  0EF9  0257               	subwf	(??_drawamenu+1+0),w
  4121  0EFA  1D03               	skipz
  4122  0EFB  2EFE               	goto	u50810
  4123  0EFC                     u50815:
  4124  0EFC  3064               	movlw	low(064h)
  4125  0EFD  0246               	subwf	(70),w
  4126  0EFE                     u50810:
  4127                           
  4128  0EFE  1C03               	skipc
  4129  0EFF  2F01               	goto	u5081
  4130  0F00  2F02               	goto	u5080
  4131  0F01                     u5081:
  4132  0F01  2F1D               	goto	l56
  4133  0F02                     u5080:
  4134  0F02  300A               	movlw	low(0Ah)
  4135                           	
  4136  0F03  00E2               	movwf	(0+(?___awdiv)+02h)
  4137  0F04  3000               	movlw	high(0Ah)
  4138  0F05  00E3               	movwf	((0+(?___awdiv)+02h))+1
  4139                           	
  4140  0F06  0846               	movf	(70),w
  4141  0F07  3E9C               	addlw	low(-100)
  4142                           	
  4143  0F08  00E0               	movwf	(?___awdiv)
  4144  0F09  0847               	movf	(70+1),w
  4145  0F0A  1803               	skipnc
  4146  0F0B  3E01               	addlw	1
  4147  0F0C  3EFF               	addlw	high(-100)
  4148  0F0D  00E1               	movwf	1+(?___awdiv)
  4149  0F0E  120A  118A  263F   	fcall	___awdiv
              120A  158A         
  4150  0F13  1283               	bcf	status, 5	;RP0=0, select bank0
  4151  0F14  1303               	bcf	status, 6	;RP2=0, select bank0
  4152  0F15  0860               	movf	(0+?___awdiv),w
  4153                           	
  4154  0F16  3E30               	addlw	030h
  4155  0F17  120A  158A  210A   	fcall	_lcd_putch
              120A  158A         
  4156  0F1C  2F35               	goto	l57
  4157                           	
  4158  0F1D                     l56:	
  4159  0F1D  300A               	movlw	low(0Ah)
  4160                           	
  4161  0F1E  00E2               	movwf	(0+(?___awdiv)+02h)
  4162  0F1F  3000               	movlw	high(0Ah)
  4163  0F20  00E3               	movwf	((0+(?___awdiv)+02h))+1
  4164                           	
  4165                           	
  4166  0F21  0846               	movf	(70),w
  4167  0F22  01E0               	clrf	(?___awdiv)
  4168  0F23  07E0               	addwf	(?___awdiv)
  4169  0F24  0847               	movf	(70+1),w
  4170  0F25  01E1               	clrf	(?___awdiv+1)
  4171  0F26  07E1               	addwf	(?___awdiv+1)
  4172  0F27  120A  118A  263F   	fcall	___awdiv
              120A  158A         
  4173  0F2C  1283               	bcf	status, 5	;RP0=0, select bank0
  4174  0F2D  1303               	bcf	status, 6	;RP2=0, select bank0
  4175  0F2E  0860               	movf	(0+?___awdiv),w
  4176                           	
  4177  0F2F  3E30               	addlw	030h
  4178  0F30  120A  158A  210A   	fcall	_lcd_putch
              120A  158A         
  4179                           	
  4180  0F35                     l57:	
  4181  0F35  300A               	movlw	low(0Ah)
  4182  0F36  1283               	bcf	status, 5	;RP0=0, select bank0
  4183  0F37  1303               	bcf	status, 6	;RP2=0, select bank0
  4184                           	
  4185  0F38  00E2               	movwf	(0+(?___awmod)+02h)
  4186  0F39  3000               	movlw	high(0Ah)
  4187  0F3A  00E3               	movwf	((0+(?___awmod)+02h))+1
  4188                           	
  4189                           	
  4190  0F3B  0846               	movf	(70),w
  4191  0F3C  01E0               	clrf	(?___awmod)
  4192  0F3D  07E0               	addwf	(?___awmod)
  4193  0F3E  0847               	movf	(70+1),w
  4194  0F3F  01E1               	clrf	(?___awmod+1)
  4195  0F40  07E1               	addwf	(?___awmod+1)
  4196  0F41  120A  158A  215B   	fcall	___awmod
              120A  158A         
  4197  0F46  1283               	bcf	status, 5	;RP0=0, select bank0
  4198  0F47  1303               	bcf	status, 6	;RP2=0, select bank0
  4199  0F48  0860               	movf	(0+?___awmod),w
  4200                           	
  4201  0F49  3E30               	addlw	030h
  4202  0F4A  120A  158A  210A   	fcall	_lcd_putch
              120A  158A         
  4203  0F4F  2FD3               	goto	l50
  4204                           	line	146
  4205                           ;main.c: 146: case 3: lcd_putch((a3_duration/10
                                 0)+'0'); if(a3_duration>=100)lcd_putch(((a3_dur
                                 ation-100)/10)+'0'); else lcd_putch((a3_duratio
                                 n/10)+'0'); lcd_putch((a3_duration%10)+'0'); br
                                 eak;
  4206                           	
  4207  0F50                     l58:	
  4208  0F50  3064               	movlw	low(064h)
  4209                           	
  4210  0F51  00E2               	movwf	(0+(?___awdiv)+02h)
  4211  0F52  3000               	movlw	high(064h)
  4212  0F53  00E3               	movwf	((0+(?___awdiv)+02h))+1
  4213                           	
  4214                           	
  4215  0F54  084A               	movf	(74),w
  4216  0F55  01E0               	clrf	(?___awdiv)
  4217  0F56  07E0               	addwf	(?___awdiv)
  4218  0F57  084B               	movf	(74+1),w
  4219  0F58  01E1               	clrf	(?___awdiv+1)
  4220  0F59  07E1               	addwf	(?___awdiv+1)
  4221  0F5A  120A  118A  263F   	fcall	___awdiv
              120A  158A         
  4222  0F5F  1283               	bcf	status, 5	;RP0=0, select bank0
  4223  0F60  1303               	bcf	status, 6	;RP2=0, select bank0
  4224  0F61  0860               	movf	(0+?___awdiv),w
  4225                           	
  4226  0F62  3E30               	addlw	030h
  4227  0F63  120A  158A  210A   	fcall	_lcd_putch
              120A  158A         
  4228  0F68  1283               	bcf	status, 5	;RP0=0, select bank0
  4229  0F69  1303               	bcf	status, 6	;RP2=0, select bank0
  4230                           	
  4231  0F6A  084B               	movf	(74+1),w
  4232  0F6B  3A80               	xorlw	80h
  4233  0F6C  00D7               	movwf	(??_drawamenu+1+0)
  4234  0F6D  3080               	movlw	(high(064h))^80h
  4235  0F6E  0257               	subwf	(??_drawamenu+1+0),w
  4236  0F6F  1D03               	skipz
  4237  0F70  2F73               	goto	u50910
  4238  0F71                     u50915:
  4239  0F71  3064               	movlw	low(064h)
  4240  0F72  024A               	subwf	(74),w
  4241  0F73                     u50910:
  4242                           
  4243  0F73  1C03               	skipc
  4244  0F74  2F76               	goto	u5091
  4245  0F75  2F77               	goto	u5090
  4246  0F76                     u5091:
  4247  0F76  2F92               	goto	l59
  4248  0F77                     u5090:
  4249  0F77  300A               	movlw	low(0Ah)
  4250                           	
  4251  0F78  00E2               	movwf	(0+(?___awdiv)+02h)
  4252  0F79  3000               	movlw	high(0Ah)
  4253  0F7A  00E3               	movwf	((0+(?___awdiv)+02h))+1
  4254                           	
  4255  0F7B  084A               	movf	(74),w
  4256  0F7C  3E9C               	addlw	low(-100)
  4257                           	
  4258  0F7D  00E0               	movwf	(?___awdiv)
  4259  0F7E  084B               	movf	(74+1),w
  4260  0F7F  1803               	skipnc
  4261  0F80  3E01               	addlw	1
  4262  0F81  3EFF               	addlw	high(-100)
  4263  0F82  00E1               	movwf	1+(?___awdiv)
  4264  0F83  120A  118A  263F   	fcall	___awdiv
              120A  158A         
  4265  0F88  1283               	bcf	status, 5	;RP0=0, select bank0
  4266  0F89  1303               	bcf	status, 6	;RP2=0, select bank0
  4267  0F8A  0860               	movf	(0+?___awdiv),w
  4268                           	
  4269  0F8B  3E30               	addlw	030h
  4270  0F8C  120A  158A  210A   	fcall	_lcd_putch
              120A  158A         
  4271  0F91  2FAA               	goto	l60
  4272                           	
  4273  0F92                     l59:	
  4274  0F92  300A               	movlw	low(0Ah)
  4275                           	
  4276  0F93  00E2               	movwf	(0+(?___awdiv)+02h)
  4277  0F94  3000               	movlw	high(0Ah)
  4278  0F95  00E3               	movwf	((0+(?___awdiv)+02h))+1
  4279                           	
  4280                           	
  4281  0F96  084A               	movf	(74),w
  4282  0F97  01E0               	clrf	(?___awdiv)
  4283  0F98  07E0               	addwf	(?___awdiv)
  4284  0F99  084B               	movf	(74+1),w
  4285  0F9A  01E1               	clrf	(?___awdiv+1)
  4286  0F9B  07E1               	addwf	(?___awdiv+1)
  4287  0F9C  120A  118A  263F   	fcall	___awdiv
              120A  158A         
  4288  0FA1  1283               	bcf	status, 5	;RP0=0, select bank0
  4289  0FA2  1303               	bcf	status, 6	;RP2=0, select bank0
  4290  0FA3  0860               	movf	(0+?___awdiv),w
  4291                           	
  4292  0FA4  3E30               	addlw	030h
  4293  0FA5  120A  158A  210A   	fcall	_lcd_putch
              120A  158A         
  4294                           	
  4295  0FAA                     l60:	
  4296  0FAA  300A               	movlw	low(0Ah)
  4297  0FAB  1283               	bcf	status, 5	;RP0=0, select bank0
  4298  0FAC  1303               	bcf	status, 6	;RP2=0, select bank0
  4299                           	
  4300  0FAD  00E2               	movwf	(0+(?___awmod)+02h)
  4301  0FAE  3000               	movlw	high(0Ah)
  4302  0FAF  00E3               	movwf	((0+(?___awmod)+02h))+1
  4303                           	
  4304                           	
  4305  0FB0  084A               	movf	(74),w
  4306  0FB1  01E0               	clrf	(?___awmod)
  4307  0FB2  07E0               	addwf	(?___awmod)
  4308  0FB3  084B               	movf	(74+1),w
  4309  0FB4  01E1               	clrf	(?___awmod+1)
  4310  0FB5  07E1               	addwf	(?___awmod+1)
  4311  0FB6  120A  158A  215B   	fcall	___awmod
              120A  158A         
  4312  0FBB  1283               	bcf	status, 5	;RP0=0, select bank0
  4313  0FBC  1303               	bcf	status, 6	;RP2=0, select bank0
  4314  0FBD  0860               	movf	(0+?___awmod),w
  4315                           	
  4316  0FBE  3E30               	addlw	030h
  4317  0FBF  120A  158A  210A   	fcall	_lcd_putch
              120A  158A         
  4318  0FC4  2FD3               	goto	l50
  4319                           	line	142
  4320                           	
  4321  0FC5                     l51:	
  4322  0FC5  1283               	bcf	status, 5	;RP0=0, select bank0
  4323  0FC6  1303               	bcf	status, 6	;RP2=0, select bank0
  4324                           	
  4325  0FC7  0856               	movf	(_drawamenu_stat),w
  4326  0FC8  1383               	bcf	status, 7	;select IRP bank0
  4327                           	
  4328  0FC9  3A01               		xorlw	1^0
  4329  0FCA  1903               	skipnz
  4330  0FCB  2E66               	goto	l52
  4331  0FCC  3A03               	xorlw	2^1
  4332  0FCD  1903               	skipnz
  4333  0FCE  2EDB               	goto	l55
  4334  0FCF  3A01               	xorlw	3^2
  4335  0FD0  1903               	skipnz
  4336  0FD1  2F50               	goto	l58
  4337  0FD2  2FD3               	goto	l50
  4338                           
  4339                           	line	147
  4340                           	
  4341  0FD3                     l50:	
  4342                           	line	148
  4343                           ;main.c: 148: lcd_puts(" Mins");
  4344  0FD3  30B5               	movlw	((STR_16-__stringbase))&0ffh
  4345  0FD4  1283               	bcf	status, 5	;RP0=0, select bank0
  4346  0FD5  1303               	bcf	status, 6	;RP2=0, select bank0
  4347                           	
  4348  0FD6  00E0               	movwf	(?_lcd_puts)
  4349  0FD7  3000               	movlw	00h
  4350  0FD8  00E1               	movwf	(?_lcd_puts+1)
  4351  0FD9  120A  158A  2135   	fcall	_lcd_puts
              120A  158A         
  4352                           	line	149
  4353                           ;main.c: 149: if(tset==2) lcd_goto(0x44); else 
                                 lcd_goto(0x50); break;
  4354  0FDE  1283               	bcf	status, 5	;RP0=0, select bank0
  4355  0FDF  1303               	bcf	status, 6	;RP2=0, select bank0
  4356                           	
  4357  0FE0  0874               	movf	(116),w
  4358                           	
  4359  0FE1  3A02               	xorlw	02h
  4360  0FE2  1D03               	skipz
  4361  0FE3  2FE5               	goto	u5101
  4362  0FE4  2FE6               	goto	u5100
  4363  0FE5                     u5101:
  4364  0FE5  2FED               	goto	l61
  4365  0FE6                     u5100:
  4366  0FE6  3044               	movlw	(044h)
  4367  0FE7  120A  158A  2116   	fcall	_lcd_goto
              120A  158A         
  4368  0FEC  2FF3               	goto	l62
  4369                           	
  4370  0FED                     l61:	
  4371  0FED  3050               	movlw	(050h)
  4372  0FEE  120A  158A  2116   	fcall	_lcd_goto
              120A  158A         
  4373                           	
  4374  0FF3                     l62:	
  4375  0FF3  2FFF               	goto	l23
  4376                           	line	109
  4377                           	
  4378  0FF4                     l24:	
  4379                           	
  4380  0FF4  0871               	movf	(113),w
  4381                           	
  4382  0FF5  3A01               		xorlw	1^0
  4383  0FF6  1903               	skipnz
  4384  0FF7  2CFE               	goto	l25
  4385  0FF8  3A03               	xorlw	2^1
  4386  0FF9  1903               	skipnz
  4387  0FFA  2DA4               	goto	l37
  4388  0FFB  3A01               	xorlw	3^2
  4389  0FFC  1903               	skipnz
  4390  0FFD  2E4A               	goto	l49
  4391  0FFE  2FFF               	goto	l23
  4392                           
  4393                           	line	151
  4394                           	
  4395  0FFF                     l23:	
  4396                           	line	152
  4397                           ;main.c: 152: }
  4398  0FFF                     l22:	
  4399  0FFF  0008               	return
  4400                           	psect	text143,local,class=CODE,delta=2
  4401                           	opt stack 0
  4402                           ; =============== function _drawamenu ends ====
                                 ===========
  4403                           
  4404                           GLOBAL __end_of_drawamenu
  4405  09B6                     	__end_of_drawamenu:
  4406                           	FNSIZE	_drawamenu,3,0
  4407                           	signat	_drawamenu,4216
  4408                           	global	_lcd_init
  4409                           	global	??_lcd_init
  4410                           	global	?_lcd_init
  4411                           
  4412                           ; *************** function _lcd_init **********
                                 *****
  4413                           ; Defined at:
  4414                           ;		line 61 in file "E:\Projects\Asil\Motor Fina
                                 l\MENU\lcd.h"
  4415                           ; Parameters:
  4416                           ;		None
  4417                           ; Auto variables:
  4418                           ;		init_value  	       	type: unsigned char 
  4419                           ; Return value:
  4420                           ;		type: void 
  4421                           ;		size: 0
  4422                           ; Registers used:
  4423                           ;		wreg, status,2, status,0, pclath, cstack
  4424                           ; Tracked objects:
  4425                           ;		On entry : BFF/0
  4426                           ;		On exit  : 0/0
  4427                           ;		Unchanged: 0/0
  4428                           ; Data sizes:
  4429                           ;		Autos:    1
  4430                           ;		Params:   0
  4431                           ;		Temp:     2
  4432                           ;		Total:    3
  4433                           ; This function calls:
  4434                           ;		__delay
  4435                           ;		_LCD_STROBE
  4436                           ;		_lcd_write
  4437                           ;		_lcd_clear
  4438                           ; This function is called by:
  4439                           ;		_main
  4440                           ; This function uses a non-reentrant model
  4441                           ; 
  4442                           	file	"E:\Projects\Asil\Motor Final\MENU\lcd.h"
  4443                           	line	61
  4444                           ;lcd.h: 60: void lcd_init()
  4445                           ;lcd.h: 61: {
  4446                           	
  4447  09B6                     _lcd_init:	
  4448                           	opt stack 5
  4449                           ; Regs used in _lcd_init: [wreg+status,2+status
                                 ,0+pclath+cstack]
  4450                           	line	63
  4451                           ;lcd.h: 62: char init_value;
  4452                           ;lcd.h: 63: ADCON1 = 0x06;
  4453  09B6  3006               	movlw	(06h)
  4454  09B7  1683               	bsf	status, 5	;RP0=1, select bank1
  4455  09B8  1303               	bcf	status, 6	;RP2=0, select bank1
  4456                           	
  4457  09B9  009F               	movwf	(159)^080h	;volatile
  4458                           	line	64
  4459                           ;lcd.h: 64: CMCON=0x0D;
  4460  09BA  300D               	movlw	(0Dh)
  4461                           	
  4462  09BB  009C               	movwf	(156)^080h	;volatile
  4463                           	line	65
  4464                           ;lcd.h: 65: init_value = 0x3;
  4465  09BC  3003               	movlw	(03h)
  4466  09BD  1283               	bcf	status, 5	;RP0=0, select bank0
  4467  09BE  1303               	bcf	status, 6	;RP2=0, select bank0
  4468                           	
  4469  09BF  00D6               	movwf	(_lcd_init_init_value)
  4470                           	line	66
  4471                           ;lcd.h: 66: TRISE=0;
  4472  09C0  1003               	clrc
  4473  09C1  1683               	bsf	status, 5	;RP0=1, select bank1
  4474  09C2  1303               	bcf	status, 6	;RP2=0, select bank1
  4475                           	
  4476  09C3  3000               	movlw	0
  4477  09C4  1803               	btfsc	status,0
  4478  09C5  3001               	movlw	1
  4479  09C6  0089               	movwf	(137)^080h	;volatile
  4480                           	line	67
  4481                           ;lcd.h: 67: TRISB=0;
  4482  09C7  1003               	clrc
  4483                           	
  4484  09C8  3000               	movlw	0
  4485  09C9  1803               	btfsc	status,0
  4486  09CA  3001               	movlw	1
  4487  09CB  0086               	movwf	(134)^080h	;volatile
  4488                           	line	68
  4489                           ;lcd.h: 68: RE2 = 0;
  4490  09CC  1283               	bcf	status, 5	;RP0=0, select bank0
  4491  09CD  1303               	bcf	status, 6	;RP2=0, select bank0
  4492  09CE  1109               	bcf	(74/8),(74)&7
  4493                           	line	69
  4494                           ;lcd.h: 69: RE0 = 0;
  4495  09CF  1009               	bcf	(72/8),(72)&7
  4496                           	line	70
  4497                           ;lcd.h: 70: RE1 = 0;
  4498  09D0  1089               	bcf	(73/8),(73)&7
  4499                           	line	71
  4500                           ;lcd.h: 71: _delay((unsigned long)((30)*(400000
                                 0/4000.0)));
  4501                           	
  4502  09D1  3027               	movlw	39
  4503  09D2  00D8               movwf	(??_lcd_init+1+0+1),f
  4504  09D3  30F5               	movlw	245
  4505  09D4  00D7               movwf	(??_lcd_init+1+0),f
  4506  09D5                     u5417:
  4507  09D5  0BD7               	decfsz	(??_lcd_init+1+0),f
  4508  09D6  29D5               	goto	u5417
  4509  09D7  0BD8               	decfsz	(??_lcd_init+1+0+1),f
  4510  09D8  29D5               	goto	u5417
  4511                           
  4512                           	line	72
  4513                           ;lcd.h: 72: PORTB = init_value;
  4514  09D9  3003               	movlw	(03h)
  4515  09DA  1283               	bcf	status, 5	;RP0=0, select bank0
  4516  09DB  1303               	bcf	status, 6	;RP2=0, select bank0
  4517                           	
  4518  09DC  0086               	movwf	(6)	;volatile
  4519                           	line	73
  4520                           ;lcd.h: 73: LCD_STROBE();
  4521  09DD  120A  118A  26F4   	fcall	_LCD_STROBE
              120A  158A         
  4522                           	line	74
  4523                           ;lcd.h: 74: _delay((unsigned long)((5)*(4000000
                                 /4000.0)));
  4524  09E2  1283               	bcf	status, 5	;RP0=0, select bank0
  4525  09E3  1303               	bcf	status, 6	;RP2=0, select bank0
  4526                           	
  4527  09E4  3007               	movlw	7
  4528  09E5  00D8               movwf	(??_lcd_init+1+0+1),f
  4529  09E6  307D               	movlw	125
  4530  09E7  00D7               movwf	(??_lcd_init+1+0),f
  4531  09E8                     u5427:
  4532  09E8  0BD7               	decfsz	(??_lcd_init+1+0),f
  4533  09E9  29E8               	goto	u5427
  4534  09EA  0BD8               	decfsz	(??_lcd_init+1+0+1),f
  4535  09EB  29E8               	goto	u5427
  4536                           
  4537                           	line	75
  4538                           ;lcd.h: 75: LCD_STROBE();
  4539  09EC  120A  118A  26F4   	fcall	_LCD_STROBE
              120A  158A         
  4540                           	line	76
  4541                           ;lcd.h: 76: _delay((unsigned long)((200)*(40000
                                 00/4000000.0)));
  4542  09F1  1283               	bcf	status, 5	;RP0=0, select bank0
  4543  09F2  1303               	bcf	status, 6	;RP2=0, select bank0
  4544                           	
  4545  09F3  3042               	movlw	66
  4546  09F4  00D7               movwf	(??_lcd_init+1+0),f
  4547  09F5                     u5437:
  4548  09F5  0BD7               decfsz	(??_lcd_init+1+0),f
  4549  09F6  29F5               	goto	u5437
  4550  09F7  0064               	clrwdt
  4551                           
  4552                           	line	77
  4553                           ;lcd.h: 77: LCD_STROBE();
  4554  09F8  120A  118A  26F4   	fcall	_LCD_STROBE
              120A  158A         
  4555                           	line	78
  4556                           ;lcd.h: 78: _delay((unsigned long)((200)*(40000
                                 00/4000000.0)));
  4557  09FD  1283               	bcf	status, 5	;RP0=0, select bank0
  4558  09FE  1303               	bcf	status, 6	;RP2=0, select bank0
  4559                           	
  4560  09FF  3042               	movlw	66
  4561  0A00  00D7               movwf	(??_lcd_init+1+0),f
  4562  0A01                     u5447:
  4563  0A01  0BD7               decfsz	(??_lcd_init+1+0),f
  4564  0A02  2A01               	goto	u5447
  4565  0A03  0064               	clrwdt
  4566                           
  4567                           	line	79
  4568                           ;lcd.h: 79: PORTB = 0x38;
  4569  0A04  3038               	movlw	(038h)
  4570  0A05  1283               	bcf	status, 5	;RP0=0, select bank0
  4571  0A06  1303               	bcf	status, 6	;RP2=0, select bank0
  4572                           	
  4573  0A07  0086               	movwf	(6)	;volatile
  4574                           	line	80
  4575                           ;lcd.h: 80: LCD_STROBE();
  4576  0A08  120A  118A  26F4   	fcall	_LCD_STROBE
              120A  158A         
  4577                           	line	81
  4578                           ;lcd.h: 81: lcd_write(0x38);
  4579  0A0D  3038               	movlw	(038h)
  4580  0A0E  120A  158A  2123   	fcall	_lcd_write
              120A  158A         
  4581                           	line	82
  4582                           ;lcd.h: 82: lcd_write(0xD);
  4583  0A13  300D               	movlw	(0Dh)
  4584  0A14  120A  158A  2123   	fcall	_lcd_write
              120A  158A         
  4585                           	line	83
  4586                           ;lcd.h: 83: lcd_clear();
  4587  0A19  120A  118A  27E2   	fcall	_lcd_clear
              120A  158A         
  4588                           	line	84
  4589                           ;lcd.h: 84: lcd_write(0x6);
  4590  0A1E  3006               	movlw	(06h)
  4591  0A1F  120A  158A  2123   	fcall	_lcd_write
              120A  158A         
  4592                           	line	85
  4593                           ;lcd.h: 85: }
  4594  0A24                     l10:	
  4595  0A24  0008               	return
  4596                           	psect	text144,local,class=CODE,delta=2
  4597                           	opt stack 0
  4598                           ; =============== function _lcd_init ends =====
                                 ==========
  4599                           
  4600                           GLOBAL __end_of_lcd_init
  4601  0A25                     	__end_of_lcd_init:
  4602                           	FNSIZE	_lcd_init,3,0
  4603                           	signat	_lcd_init,88
  4604                           	global	_showtime
  4605                           	global	??_showtime
  4606                           	global	?_showtime
  4607                           
  4608                           ; *************** function _showtime **********
                                 *****
  4609                           ; Defined at:
  4610                           ;		line 72 in file "E:\Projects\Asil\Motor Fina
                                 l\MENU\main.c"
  4611                           ; Parameters:
  4612                           ;		ahours      	reg:   wr	type: unsigned char 
  4613                           ;		aminutes    	offs:   0	type: unsigned char 
  4614                           ;		aseconds    	offs:   1	type: unsigned char 
  4615                           ;		aampm       	offs:   2	type: unsigned char 
  4616                           ;		set         	offs:   3	type: unsigned char 
  4617                           ; Auto variables:
  4618                           ;		ahours      	       	type: unsigned char 
  4619                           ; Return value:
  4620                           ;		type: void 
  4621                           ;		size: 0
  4622                           ; Registers used:
  4623                           ;		wreg, fsr0l, fsr0h, status,2, status,0, pcla
                                 th, cstack
  4624                           ; Tracked objects:
  4625                           ;		On entry : 300/0
  4626                           ;		On exit  : 0/0
  4627                           ;		Unchanged: 0/0
  4628                           ; Data sizes:
  4629                           ;		Autos:    1
  4630                           ;		Params:   4
  4631                           ;		Temp:     2
  4632                           ;		Total:    7
  4633                           ; This function calls:
  4634                           ;		_lcd_goto
  4635                           ;		_lcd_puts
  4636                           ;		___awdiv
  4637                           ;		_lcd_putch
  4638                           ;		___awmod
  4639                           ; This function is called by:
  4640                           ;		_drawamenu
  4641                           ;		_main
  4642                           ; This function uses a non-reentrant model
  4643                           ; 
  4644                           	file	"E:\Projects\Asil\Motor Final\MENU\main.c
                                 "
  4645                           	line	72
  4646                           ;main.c: 71: void showtime(char ahours, char am
                                 inutes, char aseconds,char aampm, char set)
  4647                           ;main.c: 72: {
  4648                           	
  4649  0A25                     _showtime:	
  4650                           	opt stack 4
  4651                           ; Regs used in _showtime: [wreg-fsr0h+status,2+
                                 status,0+pclath+cstack]
  4652                           ;_showtime_ahours stored from wreg
  4653                           	
  4654  0A25  00DD               	movwf	(_showtime_ahours)
  4655                           	line	73
  4656                           ;main.c: 73: lcd_goto(0x40);
  4657  0A26  3040               	movlw	(040h)
  4658  0A27  120A  158A  2116   	fcall	_lcd_goto
              120A  158A         
  4659                           	line	74
  4660                           ;main.c: 74: lcd_puts("  ");
  4661  0A2C  300F               	movlw	((STR_1-__stringbase))&0ffh
  4662  0A2D  1283               	bcf	status, 5	;RP0=0, select bank0
  4663  0A2E  1303               	bcf	status, 6	;RP2=0, select bank0
  4664                           	
  4665  0A2F  00E0               	movwf	(?_lcd_puts)
  4666  0A30  3000               	movlw	00h
  4667  0A31  00E1               	movwf	(?_lcd_puts+1)
  4668  0A32  120A  158A  2135   	fcall	_lcd_puts
              120A  158A         
  4669                           	line	75
  4670                           ;main.c: 75: if(set)
  4671  0A37  1283               	bcf	status, 5	;RP0=0, select bank0
  4672  0A38  1303               	bcf	status, 6	;RP2=0, select bank0
  4673                           	
  4674  0A39  08DC               	movf	(_showtime_set),f
  4675  0A3A  1D03               	skipz
  4676  0A3B  2A3D               	goto	u5110
  4677  0A3C  2B1B               	goto	l16
  4678  0A3D                     u5110:
  4679                           	line	78
  4680                           ;main.c: 76: {
  4681                           ;main.c: 78: if(ahours/10)
  4682  0A3D  300A               	movlw	low(0Ah)
  4683                           	
  4684  0A3E  00E2               	movwf	(0+(?___awdiv)+02h)
  4685  0A3F  3000               	movlw	high(0Ah)
  4686  0A40  00E3               	movwf	((0+(?___awdiv)+02h))+1
  4687                           	
  4688  0A41  085D               	movf	(_showtime_ahours),w
  4689  0A42  1383               	bcf	status, 7	;select IRP bank0
  4690                           	
  4691  0A43  00DE               	movwf	(??_showtime+1+0)
  4692  0A44  01DF               	clrf	(??_showtime+1+0+1)
  4693                           	
  4694  0A45  085E               	movf	0+(??_showtime+1+0),w
  4695  0A46  00E0               	movwf	(?___awdiv)
  4696  0A47  085F               	movf	1+(??_showtime+1+0),w
  4697  0A48  00E1               	movwf	(?___awdiv+1)
  4698  0A49  120A  118A  263F   	fcall	___awdiv
              120A  158A         
  4699  0A4E  1283               	bcf	status, 5	;RP0=0, select bank0
  4700  0A4F  1303               	bcf	status, 6	;RP2=0, select bank0
  4701  0A50  0861               	movf	(1+?___awdiv),w
  4702  0A51  0460               	iorwf	(0+?___awdiv),w
  4703  0A52  1903               	skipnz
  4704  0A53  2A55               	goto	u5121
  4705  0A54  2A56               	goto	u5120
  4706  0A55                     u5121:
  4707  0A55  2A5D               	goto	l17
  4708  0A56                     u5120:
  4709                           	line	79
  4710                           ;main.c: 79: lcd_putch('1');
  4711  0A56  3031               	movlw	(031h)
  4712  0A57  120A  158A  210A   	fcall	_lcd_putch
              120A  158A         
  4713  0A5C  2A63               	goto	l18
  4714                           	line	80
  4715                           	
  4716  0A5D                     l17:	
  4717                           	line	81
  4718                           ;main.c: 80: else
  4719                           ;main.c: 81: lcd_putch('0');
  4720  0A5D  3030               	movlw	(030h)
  4721  0A5E  120A  158A  210A   	fcall	_lcd_putch
              120A  158A         
  4722                           	
  4723  0A63                     l18:	
  4724                           	line	82
  4725                           ;main.c: 82: lcd_putch((ahours%10)+'0');
  4726  0A63  300A               	movlw	low(0Ah)
  4727  0A64  1283               	bcf	status, 5	;RP0=0, select bank0
  4728  0A65  1303               	bcf	status, 6	;RP2=0, select bank0
  4729                           	
  4730  0A66  00E2               	movwf	(0+(?___awmod)+02h)
  4731  0A67  3000               	movlw	high(0Ah)
  4732  0A68  00E3               	movwf	((0+(?___awmod)+02h))+1
  4733                           	
  4734  0A69  085D               	movf	(_showtime_ahours),w
  4735  0A6A  1383               	bcf	status, 7	;select IRP bank0
  4736                           	
  4737  0A6B  00DE               	movwf	(??_showtime+1+0)
  4738  0A6C  01DF               	clrf	(??_showtime+1+0+1)
  4739                           	
  4740  0A6D  085E               	movf	0+(??_showtime+1+0),w
  4741  0A6E  00E0               	movwf	(?___awmod)
  4742  0A6F  085F               	movf	1+(??_showtime+1+0),w
  4743  0A70  00E1               	movwf	(?___awmod+1)
  4744  0A71  120A  158A  215B   	fcall	___awmod
              120A  158A         
  4745  0A76  1283               	bcf	status, 5	;RP0=0, select bank0
  4746  0A77  1303               	bcf	status, 6	;RP2=0, select bank0
  4747  0A78  0860               	movf	(0+?___awmod),w
  4748                           	
  4749  0A79  3E30               	addlw	030h
  4750  0A7A  120A  158A  210A   	fcall	_lcd_putch
              120A  158A         
  4751                           	line	83
  4752                           ;main.c: 83: lcd_putch(':');
  4753  0A7F  303A               	movlw	(03Ah)
  4754  0A80  120A  158A  210A   	fcall	_lcd_putch
              120A  158A         
  4755                           	line	85
  4756                           ;main.c: 85: lcd_putch((aminutes/10)+'0');
  4757  0A85  300A               	movlw	low(0Ah)
  4758  0A86  1283               	bcf	status, 5	;RP0=0, select bank0
  4759  0A87  1303               	bcf	status, 6	;RP2=0, select bank0
  4760                           	
  4761  0A88  00E2               	movwf	(0+(?___awdiv)+02h)
  4762  0A89  3000               	movlw	high(0Ah)
  4763  0A8A  00E3               	movwf	((0+(?___awdiv)+02h))+1
  4764                           	
  4765  0A8B  0859               	movf	(_showtime_aminutes),w
  4766  0A8C  1383               	bcf	status, 7	;select IRP bank0
  4767                           	
  4768  0A8D  00DE               	movwf	(??_showtime+1+0)
  4769  0A8E  01DF               	clrf	(??_showtime+1+0+1)
  4770                           	
  4771  0A8F  085E               	movf	0+(??_showtime+1+0),w
  4772  0A90  00E0               	movwf	(?___awdiv)
  4773  0A91  085F               	movf	1+(??_showtime+1+0),w
  4774  0A92  00E1               	movwf	(?___awdiv+1)
  4775  0A93  120A  118A  263F   	fcall	___awdiv
              120A  158A         
  4776  0A98  1283               	bcf	status, 5	;RP0=0, select bank0
  4777  0A99  1303               	bcf	status, 6	;RP2=0, select bank0
  4778  0A9A  0860               	movf	(0+?___awdiv),w
  4779                           	
  4780  0A9B  3E30               	addlw	030h
  4781  0A9C  120A  158A  210A   	fcall	_lcd_putch
              120A  158A         
  4782                           	line	86
  4783                           ;main.c: 86: lcd_putch((aminutes%10)+'0');
  4784  0AA1  300A               	movlw	low(0Ah)
  4785  0AA2  1283               	bcf	status, 5	;RP0=0, select bank0
  4786  0AA3  1303               	bcf	status, 6	;RP2=0, select bank0
  4787                           	
  4788  0AA4  00E2               	movwf	(0+(?___awmod)+02h)
  4789  0AA5  3000               	movlw	high(0Ah)
  4790  0AA6  00E3               	movwf	((0+(?___awmod)+02h))+1
  4791                           	
  4792  0AA7  0859               	movf	(_showtime_aminutes),w
  4793  0AA8  1383               	bcf	status, 7	;select IRP bank0
  4794                           	
  4795  0AA9  00DE               	movwf	(??_showtime+1+0)
  4796  0AAA  01DF               	clrf	(??_showtime+1+0+1)
  4797                           	
  4798  0AAB  085E               	movf	0+(??_showtime+1+0),w
  4799  0AAC  00E0               	movwf	(?___awmod)
  4800  0AAD  085F               	movf	1+(??_showtime+1+0),w
  4801  0AAE  00E1               	movwf	(?___awmod+1)
  4802  0AAF  120A  158A  215B   	fcall	___awmod
              120A  158A         
  4803  0AB4  1283               	bcf	status, 5	;RP0=0, select bank0
  4804  0AB5  1303               	bcf	status, 6	;RP2=0, select bank0
  4805  0AB6  0860               	movf	(0+?___awmod),w
  4806                           	
  4807  0AB7  3E30               	addlw	030h
  4808  0AB8  120A  158A  210A   	fcall	_lcd_putch
              120A  158A         
  4809                           	line	88
  4810                           ;main.c: 88: lcd_putch(':');
  4811  0ABD  303A               	movlw	(03Ah)
  4812  0ABE  120A  158A  210A   	fcall	_lcd_putch
              120A  158A         
  4813                           	line	89
  4814                           ;main.c: 89: lcd_putch((aseconds/10)+'0');
  4815  0AC3  300A               	movlw	low(0Ah)
  4816  0AC4  1283               	bcf	status, 5	;RP0=0, select bank0
  4817  0AC5  1303               	bcf	status, 6	;RP2=0, select bank0
  4818                           	
  4819  0AC6  00E2               	movwf	(0+(?___awdiv)+02h)
  4820  0AC7  3000               	movlw	high(0Ah)
  4821  0AC8  00E3               	movwf	((0+(?___awdiv)+02h))+1
  4822                           	
  4823  0AC9  085A               	movf	(_showtime_aseconds),w
  4824  0ACA  1383               	bcf	status, 7	;select IRP bank0
  4825                           	
  4826  0ACB  00DE               	movwf	(??_showtime+1+0)
  4827  0ACC  01DF               	clrf	(??_showtime+1+0+1)
  4828                           	
  4829  0ACD  085E               	movf	0+(??_showtime+1+0),w
  4830  0ACE  00E0               	movwf	(?___awdiv)
  4831  0ACF  085F               	movf	1+(??_showtime+1+0),w
  4832  0AD0  00E1               	movwf	(?___awdiv+1)
  4833  0AD1  120A  118A  263F   	fcall	___awdiv
              120A  158A         
  4834  0AD6  1283               	bcf	status, 5	;RP0=0, select bank0
  4835  0AD7  1303               	bcf	status, 6	;RP2=0, select bank0
  4836  0AD8  0860               	movf	(0+?___awdiv),w
  4837                           	
  4838  0AD9  3E30               	addlw	030h
  4839  0ADA  120A  158A  210A   	fcall	_lcd_putch
              120A  158A         
  4840                           	line	90
  4841                           ;main.c: 90: lcd_putch((aseconds%10)+'0');
  4842  0ADF  300A               	movlw	low(0Ah)
  4843  0AE0  1283               	bcf	status, 5	;RP0=0, select bank0
  4844  0AE1  1303               	bcf	status, 6	;RP2=0, select bank0
  4845                           	
  4846  0AE2  00E2               	movwf	(0+(?___awmod)+02h)
  4847  0AE3  3000               	movlw	high(0Ah)
  4848  0AE4  00E3               	movwf	((0+(?___awmod)+02h))+1
  4849                           	
  4850  0AE5  085A               	movf	(_showtime_aseconds),w
  4851  0AE6  1383               	bcf	status, 7	;select IRP bank0
  4852                           	
  4853  0AE7  00DE               	movwf	(??_showtime+1+0)
  4854  0AE8  01DF               	clrf	(??_showtime+1+0+1)
  4855                           	
  4856  0AE9  085E               	movf	0+(??_showtime+1+0),w
  4857  0AEA  00E0               	movwf	(?___awmod)
  4858  0AEB  085F               	movf	1+(??_showtime+1+0),w
  4859  0AEC  00E1               	movwf	(?___awmod+1)
  4860  0AED  120A  158A  215B   	fcall	___awmod
              120A  158A         
  4861  0AF2  1283               	bcf	status, 5	;RP0=0, select bank0
  4862  0AF3  1303               	bcf	status, 6	;RP2=0, select bank0
  4863  0AF4  0860               	movf	(0+?___awmod),w
  4864                           	
  4865  0AF5  3E30               	addlw	030h
  4866  0AF6  120A  158A  210A   	fcall	_lcd_putch
              120A  158A         
  4867                           	line	91
  4868                           ;main.c: 91: lcd_putch(' ');
  4869  0AFB  3020               	movlw	(020h)
  4870  0AFC  120A  158A  210A   	fcall	_lcd_putch
              120A  158A         
  4871                           	line	92
  4872                           ;main.c: 92: if(aampm)
  4873  0B01  1283               	bcf	status, 5	;RP0=0, select bank0
  4874  0B02  1303               	bcf	status, 6	;RP2=0, select bank0
  4875                           	
  4876  0B03  08DB               	movf	(_showtime_aampm),f
  4877  0B04  1D03               	skipz
  4878  0B05  2B07               	goto	u5130
  4879  0B06  2B0E               	goto	l19
  4880  0B07                     u5130:
  4881                           	line	93
  4882                           ;main.c: 93: lcd_putch('P');
  4883  0B07  3050               	movlw	(050h)
  4884  0B08  120A  158A  210A   	fcall	_lcd_putch
              120A  158A         
  4885  0B0D  2B14               	goto	l20
  4886                           	line	94
  4887                           	
  4888  0B0E                     l19:	
  4889                           	line	95
  4890                           ;main.c: 94: else
  4891                           ;main.c: 95: lcd_putch('A');
  4892  0B0E  3041               	movlw	(041h)
  4893  0B0F  120A  158A  210A   	fcall	_lcd_putch
              120A  158A         
  4894                           	
  4895  0B14                     l20:	
  4896                           	line	96
  4897                           ;main.c: 96: lcd_putch('M');
  4898  0B14  304D               	movlw	(04Dh)
  4899  0B15  120A  158A  210A   	fcall	_lcd_putch
              120A  158A         
  4900                           	line	97
  4901                           ;main.c: 97: }
  4902  0B1A  2B24               	goto	l21
  4903                           	line	98
  4904                           	
  4905  0B1B                     l16:	
  4906                           	line	100
  4907                           ;main.c: 98: else
  4908                           ;main.c: 99: {
  4909                           ;main.c: 100: lcd_puts("--:--:-- --");
  4910  0B1B  309D               	movlw	((STR_2-__stringbase))&0ffh
  4911                           	
  4912  0B1C  00E0               	movwf	(?_lcd_puts)
  4913  0B1D  3000               	movlw	00h
  4914  0B1E  00E1               	movwf	(?_lcd_puts+1)
  4915  0B1F  120A  158A  2135   	fcall	_lcd_puts
              120A  158A         
  4916                           	line	101
  4917                           	
  4918  0B24                     l21:	
  4919                           	line	102
  4920                           ;main.c: 101: }
  4921                           ;main.c: 102: lcd_puts("    ");
  4922  0B24  300D               	movlw	((STR_3-__stringbase))&0ffh
  4923  0B25  1283               	bcf	status, 5	;RP0=0, select bank0
  4924  0B26  1303               	bcf	status, 6	;RP2=0, select bank0
  4925                           	
  4926  0B27  00E0               	movwf	(?_lcd_puts)
  4927  0B28  3000               	movlw	00h
  4928  0B29  00E1               	movwf	(?_lcd_puts+1)
  4929  0B2A  120A  158A  2135   	fcall	_lcd_puts
              120A  158A         
  4930                           	line	103
  4931                           ;main.c: 103: }
  4932  0B2F                     l15:	
  4933  0B2F  0008               	return
  4934                           	psect	text145,local,class=CODE,delta=2
  4935                           	opt stack 0
  4936                           ; =============== function _showtime ends =====
                                 ==========
  4937                           
  4938                           GLOBAL __end_of_showtime
  4939  07E2                     	__end_of_showtime:
  4940                           	FNSIZE	_showtime,3,4
  4941                           	signat	_showtime,20600
  4942                           	global	_lcd_clear
  4943                           	global	??_lcd_clear
  4944                           	global	?_lcd_clear
  4945                           
  4946                           ; *************** function _lcd_clear *********
                                 ******
  4947                           ; Defined at:
  4948                           ;		line 32 in file "E:\Projects\Asil\Motor Fina
                                 l\MENU\lcd.h"
  4949                           ; Parameters:
  4950                           ;		None
  4951                           ; Auto variables:
  4952                           ;		None
  4953                           ; Return value:
  4954                           ;		type: void 
  4955                           ;		size: 0
  4956                           ; Registers used:
  4957                           ;		wreg, status,2, status,0, pclath, cstack
  4958                           ; Tracked objects:
  4959                           ;		On entry : 0/0
  4960                           ;		On exit  : 0/0
  4961                           ;		Unchanged: 0/0
  4962                           ; Data sizes:
  4963                           ;		Autos:    0
  4964                           ;		Params:   0
  4965                           ;		Temp:     2
  4966                           ;		Total:    2
  4967                           ; This function calls:
  4968                           ;		_lcd_write
  4969                           ;		__delay
  4970                           ; This function is called by:
  4971                           ;		_lcd_init
  4972                           ;		_main
  4973                           ; This function uses a non-reentrant model
  4974                           ; 
  4975                           	file	"E:\Projects\Asil\Motor Final\MENU\lcd.h"
  4976                           	line	32
  4977                           ;lcd.h: 31: void lcd_clear(void)
  4978                           ;lcd.h: 32: {
  4979                           	
  4980  07E2                     _lcd_clear:	
  4981                           	opt stack 4
  4982                           ; Regs used in _lcd_clear: [wreg+status,2+statu
                                 s,0+pclath+cstack]
  4983                           	line	33
  4984                           ;lcd.h: 33: RE2 = 0;
  4985  07E2  1283               	bcf	status, 5	;RP0=0, select bank0
  4986  07E3  1303               	bcf	status, 6	;RP2=0, select bank0
  4987  07E4  1109               	bcf	(74/8),(74)&7
  4988                           	line	34
  4989                           ;lcd.h: 34: lcd_write(0x1);
  4990  07E5  3001               	movlw	(01h)
  4991  07E6  120A  158A  2123   	fcall	_lcd_write
              120A  118A         
  4992                           	line	35
  4993                           ;lcd.h: 35: _delay((unsigned long)((2)*(4000000
                                 /4000.0)));
  4994  07EB  1283               	bcf	status, 5	;RP0=0, select bank0
  4995  07EC  1303               	bcf	status, 6	;RP2=0, select bank0
  4996                           	
  4997  07ED  3003               	movlw	3
  4998  07EE  00DA               movwf	(??_lcd_clear+0+0+1),f
  4999  07EF  3097               	movlw	151
  5000  07F0  00D9               movwf	(??_lcd_clear+0+0),f
  5001  07F1                     u5457:
  5002  07F1  0BD9               	decfsz	(??_lcd_clear+0+0),f
  5003  07F2  2FF1               	goto	u5457
  5004  07F3  0BDA               	decfsz	(??_lcd_clear+0+0+1),f
  5005  07F4  2FF1               	goto	u5457
  5006  07F5  2FF6               	nop2
  5007                           
  5008                           	line	36
  5009                           ;lcd.h: 36: }
  5010  07F6                     l3:	
  5011  07F6  0008               	return
  5012                           	psect	text146,local,class=CODE,delta=2
  5013                           	opt stack 0
  5014                           ; =============== function _lcd_clear ends ====
                                 ===========
  5015                           
  5016                           GLOBAL __end_of_lcd_clear
  5017  090A                     	__end_of_lcd_clear:
  5018                           	FNSIZE	_lcd_clear,2,0
  5019                           	signat	_lcd_clear,88
  5020                           	global	_lcd_putch
  5021                           	global	??_lcd_putch
  5022                           	global	?_lcd_putch
  5023                           
  5024                           ; *************** function _lcd_putch *********
                                 ******
  5025                           ; Defined at:
  5026                           ;		line 48 in file "E:\Projects\Asil\Motor Fina
                                 l\MENU\lcd.h"
  5027                           ; Parameters:
  5028                           ;		c           	reg:   wr	type: unsigned char 
  5029                           ; Auto variables:
  5030                           ;		c           	       	type: unsigned char 
  5031                           ; Return value:
  5032                           ;		type: void 
  5033                           ;		size: 0
  5034                           ; Registers used:
  5035                           ;		wreg, status,2, status,0, pclath, cstack
  5036                           ; Tracked objects:
  5037                           ;		On entry : 0/0
  5038                           ;		On exit  : 0/0
  5039                           ;		Unchanged: 0/0
  5040                           ; Data sizes:
  5041                           ;		Autos:    1
  5042                           ;		Params:   0
  5043                           ;		Temp:     0
  5044                           ;		Total:    1
  5045                           ; This function calls:
  5046                           ;		_lcd_write
  5047                           ; This function is called by:
  5048                           ;		_showtime
  5049                           ;		_drawamenu
  5050                           ;		_main
  5051                           ; This function uses a non-reentrant model
  5052                           ; 
  5053                           	file	"E:\Projects\Asil\Motor Final\MENU\lcd.h"
  5054                           	line	48
  5055                           ;lcd.h: 47: void lcd_putch(char c)
  5056                           ;lcd.h: 48: {
  5057                           	
  5058  090A                     _lcd_putch:	
  5059                           	opt stack 3
  5060                           ; Regs used in _lcd_putch: [wreg+status,2+statu
                                 s,0+pclath+cstack]
  5061                           ;_lcd_putch_c stored from wreg
  5062  090A  1283               	bcf	status, 5	;RP0=0, select bank0
  5063  090B  1303               	bcf	status, 6	;RP2=0, select bank0
  5064                           	
  5065  090C  00E0               	movwf	(_lcd_putch_c)
  5066                           	line	49
  5067                           ;lcd.h: 49: RE2 = 1;
  5068  090D  1509               	bsf	(74/8),(74)&7
  5069                           	line	50
  5070                           ;lcd.h: 50: lcd_write( c );
  5071                           	
  5072  090E  0860               	movf	(_lcd_putch_c),w
  5073  090F  1383               	bcf	status, 7	;select IRP bank0
  5074                           	
  5075  0910  120A  158A  2123   	fcall	_lcd_write
              120A  158A         
  5076                           	line	51
  5077                           ;lcd.h: 51: }
  5078  0915                     l8:	
  5079  0915  0008               	return
  5080                           	psect	text147,local,class=CODE,delta=2
  5081                           	opt stack 0
  5082                           ; =============== function _lcd_putch ends ====
                                 ===========
  5083                           
  5084                           GLOBAL __end_of_lcd_putch
  5085  095B                     	__end_of_lcd_putch:
  5086                           	FNSIZE	_lcd_putch,1,0
  5087                           	signat	_lcd_putch,4216
  5088                           	global	___awmod
  5089                           	global	??___awmod
  5090                           	global	?___awmod
  5091                           
  5092                           ; *************** function ___awmod ***********
                                 ****
  5093                           ; Defined at:
  5094                           ;		line 5 in file "C:\Program Files\HI-TECH Sof
                                 tware\PICC\PRO\9.65\sources\awmod.c"
  5095                           ; Parameters:
  5096                           ;		dividend    	offs:   0	type: int 
  5097                           ;		divisor     	offs:   2	type: int 
  5098                           ; Auto variables:
  5099                           ;		sign        	       	type: unsigned char 
  5100                           ;		counter     	       	type: unsigned char 
  5101                           ; Return value:
  5102                           ;		type: int 
  5103                           ;		size: 2
  5104                           ; Registers used:
  5105                           ;		wreg, status,2, status,0
  5106                           ; Tracked objects:
  5107                           ;		On entry : 300/0
  5108                           ;		On exit  : 0/0
  5109                           ;		Unchanged: 0/0
  5110                           ; Data sizes:
  5111                           ;		Autos:    2
  5112                           ;		Params:   4
  5113                           ;		Temp:     1
  5114                           ;		Total:    7
  5115                           ; This function calls:
  5116                           ;		Nothing
  5117                           ; This function is called by:
  5118                           ;		_showtime
  5119                           ;		_drawamenu
  5120                           ; This function uses a non-reentrant model
  5121                           ; 
  5122                           	file	"C:\Program Files\HI-TECH Software\PICC\P
                                 RO\9.65\sources\awmod.c"
  5123                           	line	5
  5124                           	
  5125  095B                     ___awmod:	
  5126                           	opt stack 3
  5127                           ; Regs used in ___awmod: [wreg+status,2+status,
                                 0]
  5128                           	line	8
  5129  095B  1003               	clrc
  5130                           	
  5131  095C  3000               	movlw	0
  5132  095D  1803               	btfsc	status,0
  5133  095E  3001               	movlw	1
  5134  095F  00E4               	movwf	(___awmod_sign)
  5135                           	line	9
  5136                           	
  5137  0960  1FE1               	btfss	(___awmod_dividend+1),7
  5138  0961  2963               	goto	u5141
  5139  0962  2964               	goto	u5140
  5140  0963                     u5141:
  5141  0963  296C               	goto	l490
  5142  0964                     u5140:
  5143                           	line	10
  5144                           	
  5145  0964  09E0               	comf	(___awmod_dividend),f
  5146  0965  09E1               	comf	(___awmod_dividend+1),f
  5147  0966  0AE0               	incf	(___awmod_dividend),f
  5148  0967  1903               	skipnz
  5149  0968  0AE1               	incf	(___awmod_dividend+1),f
  5150                           	
  5151                           	line	11
  5152                           	
  5153  0969  01E4               	clrf	(___awmod_sign)
  5154  096A  1403               	bsf	status,0
  5155  096B  0DE4               	rlf	(___awmod_sign),f
  5156                           	line	12
  5157                           	
  5158  096C                     l490:	
  5159                           	line	13
  5160                           	
  5161  096C  1FE3               	btfss	(___awmod_divisor+1),7
  5162  096D  296F               	goto	u5151
  5163  096E  2970               	goto	u5150
  5164  096F                     u5151:
  5165  096F  2975               	goto	l491
  5166  0970                     u5150:
  5167                           	line	14
  5168                           	
  5169  0970  09E2               	comf	(___awmod_divisor),f
  5170  0971  09E3               	comf	(___awmod_divisor+1),f
  5171  0972  0AE2               	incf	(___awmod_divisor),f
  5172  0973  1903               	skipnz
  5173  0974  0AE3               	incf	(___awmod_divisor+1),f
  5174                           	
  5175                           	
  5176  0975                     l491:	
  5177                           	line	15
  5178                           	
  5179  0975  0863               	movf	(___awmod_divisor+1),w
  5180  0976  0462               	iorwf	(___awmod_divisor),w
  5181  0977  1903               	skipnz
  5182  0978  297A               	goto	u5161
  5183  0979  297B               	goto	u5160
  5184  097A                     u5161:
  5185  097A  29AB               	goto	l492
  5186  097B                     u5160:
  5187                           	line	16
  5188                           	
  5189  097B  01E5               	clrf	(___awmod_counter)
  5190  097C  1403               	bsf	status,0
  5191  097D  0DE5               	rlf	(___awmod_counter),f
  5192                           	line	17
  5193  097E  298A               	goto	l493
  5194                           	
  5195  097F                     l494:	
  5196                           	line	18
  5197                           	
  5198  097F  3001               	movlw	01h
  5199  0980                     u5175:
  5200  0980  1003               	clrc
  5201  0981  0DE2               	rlf	(___awmod_divisor),f
  5202  0982  0DE3               	rlf	(___awmod_divisor+1),f
  5203  0983  3EFF               	addlw	-1
  5204  0984  1D03               	skipz
  5205  0985  2980               	goto	u5175
  5206                           	line	19
  5207  0986  3001               	movlw	(01h)
  5208  0987  00E6               	movwf	(??___awmod+2+0)
  5209                           	
  5210  0988  0866               	movf	(??___awmod+2+0),w
  5211  0989  07E5               	addwf	(___awmod_counter),f
  5212                           	line	20
  5213                           	
  5214  098A                     l493:	
  5215                           	line	17
  5216                           	
  5217  098A  1FE3               	btfss	(___awmod_divisor+1),(15)&7
  5218  098B  298D               	goto	u5181
  5219  098C  298E               	goto	u5180
  5220  098D                     u5181:
  5221  098D  297F               	goto	l494
  5222  098E                     u5180:
  5223                           	
  5224  098E                     l495:	
  5225                           	line	21
  5226                           	
  5227  098E                     l498:	
  5228                           	line	22
  5229                           	
  5230                           	
  5231  098E  0863               	movf	(___awmod_divisor+1),w
  5232  098F  0261               	subwf	(___awmod_dividend+1),w
  5233  0990  1D03               	skipz
  5234  0991  2994               	goto	u5195
  5235  0992  0862               	movf	(___awmod_divisor),w
  5236  0993  0260               	subwf	(___awmod_dividend),w
  5237  0994                     u5195:
  5238  0994  1C03               	skipc
  5239  0995  2997               	goto	u5191
  5240  0996  2998               	goto	u5190
  5241  0997                     u5191:
  5242  0997  299E               	goto	l499
  5243  0998                     u5190:
  5244                           	line	23
  5245                           	
  5246                           	
  5247  0998  0862               	movf	(___awmod_divisor),w
  5248  0999  02E0               	subwf	(___awmod_dividend),f
  5249  099A  0863               	movf	(___awmod_divisor+1),w
  5250  099B  1C03               	skipc
  5251  099C  03E1               	decf	(___awmod_dividend+1),f
  5252  099D  02E1               	subwf	(___awmod_dividend+1),f
  5253                           	
  5254  099E                     l499:	
  5255                           	line	24
  5256                           	
  5257  099E  3001               	movlw	01h
  5258  099F                     u5205:
  5259  099F  1003               	clrc
  5260  09A0  0CE3               	rrf	(___awmod_divisor+1),f
  5261  09A1  0CE2               	rrf	(___awmod_divisor),f
  5262  09A2  3EFF               	addlw	-1
  5263  09A3  1D03               	skipz
  5264  09A4  299F               	goto	u5205
  5265                           	line	25
  5266                           	
  5267                           	
  5268  09A5  3001               	movlw	low(01h)
  5269  09A6  02E5               	subwf	(___awmod_counter),f
  5270  09A7  1D03               	btfss	status,2
  5271  09A8  29AA               	goto	u5211
  5272  09A9  29AB               	goto	u5210
  5273  09AA                     u5211:
  5274  09AA  298E               	goto	l498
  5275  09AB                     u5210:
  5276                           	
  5277  09AB                     l497:	
  5278                           	line	26
  5279                           	
  5280  09AB                     l492:	
  5281                           	line	27
  5282                           	
  5283  09AB  08E4               	movf	(___awmod_sign),f
  5284  09AC  1D03               	skipz
  5285  09AD  29AF               	goto	u5220
  5286  09AE  29B4               	goto	l500
  5287  09AF                     u5220:
  5288                           	line	28
  5289                           	
  5290  09AF  09E0               	comf	(___awmod_dividend),f
  5291  09B0  09E1               	comf	(___awmod_dividend+1),f
  5292  09B1  0AE0               	incf	(___awmod_dividend),f
  5293  09B2  1903               	skipnz
  5294  09B3  0AE1               	incf	(___awmod_dividend+1),f
  5295                           	
  5296                           	
  5297  09B4                     l500:	
  5298                           	line	29
  5299  09B4  29B5               	goto	l489
  5300                           	line	30
  5301  09B5                     l489:	
  5302  09B5  0008               	return
  5303                           	psect	text148,local,class=CODE,delta=2
  5304                           	opt stack 0
  5305                           ; =============== function ___awmod ends ======
                                 =========
  5306                           
  5307                           GLOBAL __end_of___awmod
  5308  063F                     	__end_of___awmod:
  5309                           	FNSIZE	___awmod,3,4
  5310                           	signat	___awmod,8314
  5311                           	global	___awdiv
  5312                           	global	??___awdiv
  5313                           	global	?___awdiv
  5314                           
  5315                           ; *************** function ___awdiv ***********
                                 ****
  5316                           ; Defined at:
  5317                           ;		line 5 in file "C:\Program Files\HI-TECH Sof
                                 tware\PICC\PRO\9.65\sources\awdiv.c"
  5318                           ; Parameters:
  5319                           ;		dividend    	offs:   0	type: int 
  5320                           ;		divisor     	offs:   2	type: int 
  5321                           ; Auto variables:
  5322                           ;		sign        	       	type: unsigned char 
  5323                           ;		counter     	       	type: unsigned char 
  5324                           ;		quotient    	       	type: int 
  5325                           ; Return value:
  5326                           ;		type: int 
  5327                           ;		size: 2
  5328                           ; Registers used:
  5329                           ;		wreg, status,2, status,0
  5330                           ; Tracked objects:
  5331                           ;		On entry : 300/0
  5332                           ;		On exit  : 0/0
  5333                           ;		Unchanged: 0/0
  5334                           ; Data sizes:
  5335                           ;		Autos:    4
  5336                           ;		Params:   4
  5337                           ;		Temp:     1
  5338                           ;		Total:    9
  5339                           ; This function calls:
  5340                           ;		Nothing
  5341                           ; This function is called by:
  5342                           ;		_showtime
  5343                           ;		_drawamenu
  5344                           ; This function uses a non-reentrant model
  5345                           ; 
  5346                           	file	"C:\Program Files\HI-TECH Software\PICC\P
                                 RO\9.65\sources\awdiv.c"
  5347                           	line	5
  5348                           	
  5349  063F                     ___awdiv:	
  5350                           	opt stack 3
  5351                           ; Regs used in ___awdiv: [wreg+status,2+status,
                                 0]
  5352                           	line	9
  5353  063F  1003               	clrc
  5354                           	
  5355  0640  3000               	movlw	0
  5356  0641  1803               	btfsc	status,0
  5357  0642  3001               	movlw	1
  5358  0643  00E5               	movwf	(___awdiv_sign)
  5359                           	line	10
  5360                           	
  5361  0644  1FE3               	btfss	(___awdiv_divisor+1),7
  5362  0645  2E47               	goto	u5231
  5363  0646  2E48               	goto	u5230
  5364  0647                     u5231:
  5365  0647  2E50               	goto	l408
  5366  0648                     u5230:
  5367                           	line	11
  5368                           	
  5369  0648  09E2               	comf	(___awdiv_divisor),f
  5370  0649  09E3               	comf	(___awdiv_divisor+1),f
  5371  064A  0AE2               	incf	(___awdiv_divisor),f
  5372  064B  1903               	skipnz
  5373  064C  0AE3               	incf	(___awdiv_divisor+1),f
  5374                           	
  5375                           	line	12
  5376                           	
  5377  064D  01E5               	clrf	(___awdiv_sign)
  5378  064E  1403               	bsf	status,0
  5379  064F  0DE5               	rlf	(___awdiv_sign),f
  5380                           	line	13
  5381                           	
  5382  0650                     l408:	
  5383                           	line	14
  5384                           	
  5385  0650  1FE1               	btfss	(___awdiv_dividend+1),7
  5386  0651  2E53               	goto	u5241
  5387  0652  2E54               	goto	u5240
  5388  0653                     u5241:
  5389  0653  2E5D               	goto	l409
  5390  0654                     u5240:
  5391                           	line	15
  5392                           	
  5393  0654  09E0               	comf	(___awdiv_dividend),f
  5394  0655  09E1               	comf	(___awdiv_dividend+1),f
  5395  0656  0AE0               	incf	(___awdiv_dividend),f
  5396  0657  1903               	skipnz
  5397  0658  0AE1               	incf	(___awdiv_dividend+1),f
  5398                           	
  5399                           	line	16
  5400  0659  3001               	movlw	(01h)
  5401  065A  00E8               	movwf	(??___awdiv+4+0)
  5402                           	
  5403  065B  0868               	movf	(??___awdiv+4+0),w
  5404  065C  06E5               	xorwf	(___awdiv_sign),f
  5405                           	line	17
  5406                           	
  5407  065D                     l409:	
  5408                           	line	18
  5409  065D  3000               	movlw	low(0)
  5410                           	
  5411  065E  00E6               	movwf	(___awdiv_quotient)
  5412  065F  3000               	movlw	high(0)
  5413  0660  00E7               	movwf	((___awdiv_quotient))+1
  5414                           	line	19
  5415                           	
  5416  0661  0863               	movf	(___awdiv_divisor+1),w
  5417  0662  0462               	iorwf	(___awdiv_divisor),w
  5418  0663  1903               	skipnz
  5419  0664  2E66               	goto	u5251
  5420  0665  2E67               	goto	u5250
  5421  0666                     u5251:
  5422  0666  2EA2               	goto	l410
  5423  0667                     u5250:
  5424                           	line	20
  5425                           	
  5426  0667  01E4               	clrf	(___awdiv_counter)
  5427  0668  1403               	bsf	status,0
  5428  0669  0DE4               	rlf	(___awdiv_counter),f
  5429                           	line	21
  5430  066A  2E76               	goto	l411
  5431                           	
  5432  066B                     l412:	
  5433                           	line	22
  5434                           	
  5435  066B  3001               	movlw	01h
  5436  066C                     u5265:
  5437  066C  1003               	clrc
  5438  066D  0DE2               	rlf	(___awdiv_divisor),f
  5439  066E  0DE3               	rlf	(___awdiv_divisor+1),f
  5440  066F  3EFF               	addlw	-1
  5441  0670  1D03               	skipz
  5442  0671  2E6C               	goto	u5265
  5443                           	line	23
  5444  0672  3001               	movlw	(01h)
  5445  0673  00E8               	movwf	(??___awdiv+4+0)
  5446                           	
  5447  0674  0868               	movf	(??___awdiv+4+0),w
  5448  0675  07E4               	addwf	(___awdiv_counter),f
  5449                           	line	24
  5450                           	
  5451  0676                     l411:	
  5452                           	line	21
  5453                           	
  5454  0676  1FE3               	btfss	(___awdiv_divisor+1),(15)&7
  5455  0677  2E79               	goto	u5271
  5456  0678  2E7A               	goto	u5270
  5457  0679                     u5271:
  5458  0679  2E6B               	goto	l412
  5459  067A                     u5270:
  5460                           	
  5461  067A                     l413:	
  5462                           	line	25
  5463                           	
  5464  067A                     l416:	
  5465                           	line	26
  5466                           	
  5467  067A  3001               	movlw	01h
  5468  067B                     u5285:
  5469  067B  1003               	clrc
  5470  067C  0DE6               	rlf	(___awdiv_quotient),f
  5471  067D  0DE7               	rlf	(___awdiv_quotient+1),f
  5472  067E  3EFF               	addlw	-1
  5473  067F  1D03               	skipz
  5474  0680  2E7B               	goto	u5285
  5475                           	line	27
  5476                           	
  5477                           	
  5478  0681  0863               	movf	(___awdiv_divisor+1),w
  5479  0682  0261               	subwf	(___awdiv_dividend+1),w
  5480  0683  1D03               	skipz
  5481  0684  2E87               	goto	u5295
  5482  0685  0862               	movf	(___awdiv_divisor),w
  5483  0686  0260               	subwf	(___awdiv_dividend),w
  5484  0687                     u5295:
  5485  0687  1C03               	skipc
  5486  0688  2E8A               	goto	u5291
  5487  0689  2E8B               	goto	u5290
  5488  068A                     u5291:
  5489  068A  2E95               	goto	l417
  5490  068B                     u5290:
  5491                           	line	28
  5492                           	
  5493                           	
  5494  068B  0862               	movf	(___awdiv_divisor),w
  5495  068C  02E0               	subwf	(___awdiv_dividend),f
  5496  068D  0863               	movf	(___awdiv_divisor+1),w
  5497  068E  1C03               	skipc
  5498  068F  03E1               	decf	(___awdiv_dividend+1),f
  5499  0690  02E1               	subwf	(___awdiv_dividend+1),f
  5500                           	line	29
  5501                           	
  5502  0691  3001               	movlw	low(01h)
  5503  0692  04E6               	iorwf	(___awdiv_quotient),f
  5504  0693  3000               	movlw	high(01h)
  5505  0694  04E7               	iorwf	(___awdiv_quotient+1),f
  5506                           	line	30
  5507                           	
  5508  0695                     l417:	
  5509                           	line	31
  5510                           	
  5511  0695  3001               	movlw	01h
  5512  0696                     u5305:
  5513  0696  1003               	clrc
  5514  0697  0CE3               	rrf	(___awdiv_divisor+1),f
  5515  0698  0CE2               	rrf	(___awdiv_divisor),f
  5516  0699  3EFF               	addlw	-1
  5517  069A  1D03               	skipz
  5518  069B  2E96               	goto	u5305
  5519                           	line	32
  5520                           	
  5521                           	
  5522  069C  3001               	movlw	low(01h)
  5523  069D  02E4               	subwf	(___awdiv_counter),f
  5524  069E  1D03               	btfss	status,2
  5525  069F  2EA1               	goto	u5311
  5526  06A0  2EA2               	goto	u5310
  5527  06A1                     u5311:
  5528  06A1  2E7A               	goto	l416
  5529  06A2                     u5310:
  5530                           	
  5531  06A2                     l415:	
  5532                           	line	33
  5533                           	
  5534  06A2                     l410:	
  5535                           	line	34
  5536                           	
  5537  06A2  08E5               	movf	(___awdiv_sign),f
  5538  06A3  1D03               	skipz
  5539  06A4  2EA6               	goto	u5320
  5540  06A5  2EAB               	goto	l418
  5541  06A6                     u5320:
  5542                           	line	35
  5543                           	
  5544  06A6  09E6               	comf	(___awdiv_quotient),f
  5545  06A7  09E7               	comf	(___awdiv_quotient+1),f
  5546  06A8  0AE6               	incf	(___awdiv_quotient),f
  5547  06A9  1903               	skipnz
  5548  06AA  0AE7               	incf	(___awdiv_quotient+1),f
  5549                           	
  5550                           	
  5551  06AB                     l418:	
  5552                           	line	36
  5553                           	
  5554                           	
  5555  06AB  0866               	movf	(___awdiv_quotient),w
  5556  06AC  01E0               	clrf	(?___awdiv)
  5557  06AD  07E0               	addwf	(?___awdiv)
  5558  06AE  0867               	movf	(___awdiv_quotient+1),w
  5559  06AF  01E1               	clrf	(?___awdiv+1)
  5560  06B0  07E1               	addwf	(?___awdiv+1)
  5561  06B1  2EB2               	goto	l407
  5562                           	line	37
  5563  06B2                     l407:	
  5564  06B2  0008               	return
  5565                           	psect	text149,local,class=CODE,delta=2
  5566                           	opt stack 0
  5567                           ; =============== function ___awdiv ends ======
                                 =========
  5568                           
  5569                           GLOBAL __end_of___awdiv
  5570  0935                     	__end_of___awdiv:
  5571                           	FNSIZE	___awdiv,5,4
  5572                           	signat	___awdiv,8314
  5573                           	global	_lcd_puts
  5574                           	global	??_lcd_puts
  5575                           	global	?_lcd_puts
  5576                           
  5577                           ; *************** function _lcd_puts **********
                                 *****
  5578                           ; Defined at:
  5579                           ;		line 40 in file "E:\Projects\Asil\Motor Fina
                                 l\MENU\lcd.h"
  5580                           ; Parameters:
  5581                           ;		s           	offs:   0	type: PTR const unsig
                                 ned char ; Largest target is 48
  5582                           ;		 -> STR_25(16), STR_24(16), STR_23(15), STR_
                                 22(15), 
  5583                           ;		 -> STR_21(16), STR_20(17), STR_19(17), STR_
                                 18(3), 
  5584                           ;		 -> STR_17(15), main_newchars(48), STR_16(6)
                                 , STR_15(15), 
  5585                           ;		 -> STR_14(14), STR_13(3), STR_12(4), STR_11
                                 (6), 
  5586                           ;		 -> STR_10(3), STR_9(4), STR_8(6), STR_7(3),
                                  
  5587                           ;		 -> STR_6(4), STR_5(6), STR_4(12), STR_3(5),
                                  
  5588                           ;		 -> STR_2(12), STR_1(3), 
  5589                           ; Auto variables:
  5590                           ;		None
  5591                           ; Return value:
  5592                           ;		type: void 
  5593                           ;		size: 0
  5594                           ; Registers used:
  5595                           ;		wreg, fsr0l, fsr0h, status,2, status,0, pcla
                                 th, cstack
  5596                           ; Tracked objects:
  5597                           ;		On entry : 300/0
  5598                           ;		On exit  : 0/0
  5599                           ;		Unchanged: 0/0
  5600                           ; Data sizes:
  5601                           ;		Autos:    0
  5602                           ;		Params:   2
  5603                           ;		Temp:     1
  5604                           ;		Total:    3
  5605                           ; This function calls:
  5606                           ;		_lcd_write
  5607                           ; This function is called by:
  5608                           ;		_showtime
  5609                           ;		_drawamenu
  5610                           ;		_main
  5611                           ; This function uses a non-reentrant model
  5612                           ; 
  5613                           	file	"E:\Projects\Asil\Motor Final\MENU\lcd.h"
  5614                           	line	40
  5615                           ;lcd.h: 39: void lcd_puts(const char * s)
  5616                           ;lcd.h: 40: {
  5617                           	
  5618  0935                     _lcd_puts:	
  5619                           	opt stack 3
  5620                           ; Regs used in _lcd_puts: [wreg-fsr0h+status,2+
                                 status,0+pclath+cstack]
  5621                           	line	41
  5622                           ;lcd.h: 41: RE2 = 1;
  5623  0935  1509               	bsf	(74/8),(74)&7
  5624                           	line	42
  5625                           ;lcd.h: 42: while(*s)
  5626  0936  294D               	goto	l5
  5627                           	
  5628  0937                     l6:	
  5629                           	line	43
  5630                           ;lcd.h: 43: lcd_write(*s++);
  5631                           	
  5632  0937  0860               	movf	(_lcd_puts_s),w
  5633  0938  0084               	movwf	fsr0
  5634  0939  0861               	movf	(_lcd_puts_s+1),w
  5635  093A  120A  118A  2700   	fcall	stringtab
              120A  158A         
  5636  093F  120A  158A  2123   	fcall	_lcd_write
              120A  158A         
  5637  0944  3001               	movlw	(01h)
  5638  0945  1283               	bcf	status, 5	;RP0=0, select bank0
  5639  0946  1303               	bcf	status, 6	;RP2=0, select bank0
  5640                           	
  5641  0947  07E0               	addwf	(_lcd_puts_s),f
  5642  0948  1803               	skipnc
  5643  0949  0AE1               	incf	(_lcd_puts_s+1),f
  5644  094A  00E2               	movwf	(??_lcd_puts+0+0)
  5645  094B  1BE2               	btfsc	(??_lcd_puts+0+0),7
  5646  094C  03E1               	decf	(_lcd_puts_s+1),f
  5647                           	
  5648  094D                     l5:	
  5649                           	line	42
  5650                           	
  5651  094D  0860               	movf	(_lcd_puts_s),w
  5652  094E  0084               	movwf	fsr0
  5653  094F  0861               	movf	(_lcd_puts_s+1),w
  5654  0950  120A  118A  2700   	fcall	stringtab
              120A  158A         
  5655  0955  3800               	iorlw	0
  5656  0956  1D03               	skipz
  5657  0957  2959               	goto	u5331
  5658  0958  295A               	goto	u5330
  5659  0959                     u5331:
  5660  0959  2937               	goto	l6
  5661  095A                     u5330:
  5662                           	
  5663  095A                     l7:	
  5664                           	line	44
  5665                           ;lcd.h: 44: }
  5666  095A                     l4:	
  5667  095A  0008               	return
  5668                           	psect	text150,local,class=CODE,delta=2
  5669                           	opt stack 0
  5670                           ; =============== function _lcd_puts ends =====
                                 ==========
  5671                           
  5672                           GLOBAL __end_of_lcd_puts
  5673  0916                     	__end_of_lcd_puts:
  5674                           	FNSIZE	_lcd_puts,1,2
  5675                           	signat	_lcd_puts,4216
  5676                           	global	_lcd_goto
  5677                           	global	??_lcd_goto
  5678                           	global	?_lcd_goto
  5679                           
  5680                           ; *************** function _lcd_goto **********
                                 *****
  5681                           ; Defined at:
  5682                           ;		line 55 in file "E:\Projects\Asil\Motor Fina
                                 l\MENU\lcd.h"
  5683                           ; Parameters:
  5684                           ;		pos         	reg:   wr	type: unsigned char 
  5685                           ; Auto variables:
  5686                           ;		pos         	       	type: unsigned char 
  5687                           ; Return value:
  5688                           ;		type: void 
  5689                           ;		size: 0
  5690                           ; Registers used:
  5691                           ;		wreg, status,2, status,0, pclath, cstack
  5692                           ; Tracked objects:
  5693                           ;		On entry : 0/0
  5694                           ;		On exit  : 0/0
  5695                           ;		Unchanged: 0/0
  5696                           ; Data sizes:
  5697                           ;		Autos:    1
  5698                           ;		Params:   0
  5699                           ;		Temp:     0
  5700                           ;		Total:    1
  5701                           ; This function calls:
  5702                           ;		_lcd_write
  5703                           ; This function is called by:
  5704                           ;		_showtime
  5705                           ;		_drawamenu
  5706                           ;		_main
  5707                           ; This function uses a non-reentrant model
  5708                           ; 
  5709                           	file	"E:\Projects\Asil\Motor Final\MENU\lcd.h"
  5710                           	line	55
  5711                           ;lcd.h: 54: void lcd_goto(unsigned char pos)
  5712                           ;lcd.h: 55: {
  5713                           	
  5714  0916                     _lcd_goto:	
  5715                           	opt stack 3
  5716                           ; Regs used in _lcd_goto: [wreg+status,2+status
                                 ,0+pclath+cstack]
  5717                           ;_lcd_goto_pos stored from wreg
  5718  0916  1283               	bcf	status, 5	;RP0=0, select bank0
  5719  0917  1303               	bcf	status, 6	;RP2=0, select bank0
  5720                           	
  5721  0918  00E0               	movwf	(_lcd_goto_pos)
  5722                           	line	56
  5723                           ;lcd.h: 56: RE2 = 0;
  5724  0919  1109               	bcf	(74/8),(74)&7
  5725                           	line	57
  5726                           ;lcd.h: 57: lcd_write(0x80+pos);
  5727                           	
  5728  091A  0860               	movf	(_lcd_goto_pos),w
  5729  091B  1383               	bcf	status, 7	;select IRP bank0
  5730                           	
  5731  091C  3E80               	addlw	080h
  5732  091D  120A  158A  2123   	fcall	_lcd_write
              120A  158A         
  5733                           	line	58
  5734                           ;lcd.h: 58: }
  5735  0922                     l9:	
  5736  0922  0008               	return
  5737                           	psect	text151,local,class=CODE,delta=2
  5738                           	opt stack 0
  5739                           ; =============== function _lcd_goto ends =====
                                 ==========
  5740                           
  5741                           GLOBAL __end_of_lcd_goto
  5742  0923                     	__end_of_lcd_goto:
  5743                           	FNSIZE	_lcd_goto,1,0
  5744                           	signat	_lcd_goto,4216
  5745                           	global	_lcd_write
  5746                           	global	??_lcd_write
  5747                           	global	?_lcd_write
  5748                           
  5749                           ; *************** function _lcd_write *********
                                 ******
  5750                           ; Defined at:
  5751                           ;		line 24 in file "E:\Projects\Asil\Motor Fina
                                 l\MENU\lcd.h"
  5752                           ; Parameters:
  5753                           ;		c           	reg:   wr	type: unsigned char 
  5754                           ; Auto variables:
  5755                           ;		c           	       	type: unsigned char 
  5756                           ; Return value:
  5757                           ;		type: void 
  5758                           ;		size: 0
  5759                           ; Registers used:
  5760                           ;		wreg, status,2, status,0, pclath, cstack
  5761                           ; Tracked objects:
  5762                           ;		On entry : 0/0
  5763                           ;		On exit  : 0/0
  5764                           ;		Unchanged: 0/0
  5765                           ; Data sizes:
  5766                           ;		Autos:    1
  5767                           ;		Params:   0
  5768                           ;		Temp:     1
  5769                           ;		Total:    2
  5770                           ; This function calls:
  5771                           ;		__delay
  5772                           ;		_LCD_STROBE
  5773                           ; This function is called by:
  5774                           ;		_lcd_clear
  5775                           ;		_lcd_puts
  5776                           ;		_lcd_putch
  5777                           ;		_lcd_goto
  5778                           ;		_lcd_init
  5779                           ;		_main
  5780                           ; This function uses a non-reentrant model
  5781                           ; 
  5782                           	file	"E:\Projects\Asil\Motor Final\MENU\lcd.h"
  5783                           	line	24
  5784                           ;lcd.h: 23: void lcd_write(unsigned char c)
  5785                           ;lcd.h: 24: {
  5786                           	
  5787  0923                     _lcd_write:	
  5788                           	opt stack 2
  5789                           ; Regs used in _lcd_write: [wreg+status,2+statu
                                 s,0+pclath+cstack]
  5790                           ;_lcd_write_c stored from wreg
  5791  0923  1283               	bcf	status, 5	;RP0=0, select bank0
  5792  0924  1303               	bcf	status, 6	;RP2=0, select bank0
  5793                           	
  5794  0925  00E3               	movwf	(_lcd_write_c)
  5795                           	line	25
  5796                           ;lcd.h: 25: _delay((unsigned long)((70)*(400000
                                 0/4000000.0)));
  5797                           	
  5798  0926  3017               	movlw	23
  5799  0927  00E4               movwf	(??_lcd_write+1+0),f
  5800  0928                     u5467:
  5801  0928  0BE4               decfsz	(??_lcd_write+1+0),f
  5802  0929  2928               	goto	u5467
  5803                           
  5804                           	line	26
  5805                           ;lcd.h: 26: PORTB = c;
  5806  092A  1283               	bcf	status, 5	;RP0=0, select bank0
  5807  092B  1303               	bcf	status, 6	;RP2=0, select bank0
  5808                           	
  5809  092C  0863               	movf	(_lcd_write_c),w
  5810  092D  1383               	bcf	status, 7	;select IRP bank0
  5811                           	
  5812                           	
  5813  092E  0086               	movwf	(6)	;volatile
  5814                           	line	27
  5815                           ;lcd.h: 27: LCD_STROBE();
  5816  092F  120A  118A  26F4   	fcall	_LCD_STROBE
              120A  158A         
  5817                           	line	28
  5818                           ;lcd.h: 28: }
  5819  0934                     l2:	
  5820  0934  0008               	return
  5821                           	psect	text152,local,class=CODE,delta=2
  5822                           	opt stack 0
  5823                           ; =============== function _lcd_write ends ====
                                 ===========
  5824                           
  5825                           GLOBAL __end_of_lcd_write
  5826  06F4                     	__end_of_lcd_write:
  5827                           	FNSIZE	_lcd_write,2,0
  5828                           	signat	_lcd_write,4216
  5829                           	global	_LCD_STROBE
  5830                           	global	??_LCD_STROBE
  5831                           	global	?_LCD_STROBE
  5832                           
  5833                           ; *************** function _LCD_STROBE ********
                                 *******
  5834                           ; Defined at:
  5835                           ;		line 16 in file "E:\Projects\Asil\Motor Fina
                                 l\MENU\lcd.h"
  5836                           ; Parameters:
  5837                           ;		None
  5838                           ; Auto variables:
  5839                           ;		None
  5840                           ; Return value:
  5841                           ;		type: void 
  5842                           ;		size: 0
  5843                           ; Registers used:
  5844                           ;		wreg
  5845                           ; Tracked objects:
  5846                           ;		On entry : 0/0
  5847                           ;		On exit  : 0/0
  5848                           ;		Unchanged: 0/0
  5849                           ; Data sizes:
  5850                           ;		Autos:    0
  5851                           ;		Params:   0
  5852                           ;		Temp:     1
  5853                           ;		Total:    1
  5854                           ; This function calls:
  5855                           ;		__delay
  5856                           ; This function is called by:
  5857                           ;		_lcd_write
  5858                           ;		_lcd_init
  5859                           ; This function uses a non-reentrant model
  5860                           ; 
  5861                           	file	"E:\Projects\Asil\Motor Final\MENU\lcd.h"
  5862                           	line	16
  5863                           ;lcd.h: 15: static void LCD_STROBE()
  5864                           ;lcd.h: 16: {
  5865                           	
  5866  06F4                     _LCD_STROBE:	
  5867                           	opt stack 1
  5868                           ; Regs used in _LCD_STROBE: [wreg]
  5869                           	line	17
  5870                           ;lcd.h: 17: RE0 = 1;
  5871  06F4  1283               	bcf	status, 5	;RP0=0, select bank0
  5872  06F5  1303               	bcf	status, 6	;RP2=0, select bank0
  5873  06F6  1409               	bsf	(72/8),(72)&7
  5874                           	line	18
  5875                           ;lcd.h: 18: _delay((unsigned long)((500)*(40000
                                 00/4000000.0)));
  5876                           	
  5877  06F7  30A6               	movlw	166
  5878  06F8  00E5               movwf	(??_LCD_STROBE+0+0),f
  5879  06F9                     u5477:
  5880  06F9  0BE5               decfsz	(??_LCD_STROBE+0+0),f
  5881  06FA  2EF9               	goto	u5477
  5882  06FB  0064               	clrwdt
  5883                           
  5884                           	line	19
  5885                           ;lcd.h: 19: RE0 = 0;
  5886  06FC  1283               	bcf	status, 5	;RP0=0, select bank0
  5887  06FD  1303               	bcf	status, 6	;RP2=0, select bank0
  5888  06FE  1009               	bcf	(72/8),(72)&7
  5889                           	line	20
  5890                           ;lcd.h: 20: }
  5891  06FF                     l1:	
  5892  06FF  0008               	return
  5893                           	psect	text153,local,class=CODE,delta=2
  5894                           	opt stack 0
  5895                           ; =============== function _LCD_STROBE ends ===
                                 ============
  5896                           
  5897                           GLOBAL __end_of_LCD_STROBE
  5898  07F7                     	__end_of_LCD_STROBE:
  5899                           	FNSIZE	_LCD_STROBE,1,0
  5900                           	signat	_LCD_STROBE,88
  5901                           	global	_isr
  5902                           	global	??_isr
  5903                           	global	?_isr
  5904                           
  5905                           ; *************** function _isr ***************
  5906                           ; Defined at:
  5907                           ;		line 215 in file "E:\Projects\Asil\Motor Fin
                                 al\MENU\main.c"
  5908                           ; Parameters:
  5909                           ;		None
  5910                           ; Auto variables:
  5911                           ;		None
  5912                           ; Return value:
  5913                           ;		type: void 
  5914                           ;		size: 0
  5915                           ; Registers used:
  5916                           ;		wreg, status,2, status,0
  5917                           ; Tracked objects:
  5918                           ;		On entry : 300/0
  5919                           ;		On exit  : 0/0
  5920                           ;		Unchanged: 0/0
  5921                           ; Data sizes:
  5922                           ;		Autos:    0
  5923                           ;		Params:   0
  5924                           ;		Temp:     5
  5925                           ;		Total:    5
  5926                           ; This function calls:
  5927                           ;		Nothing
  5928                           ; This function is called by:
  5929                           ;		Interrupt level 1
  5930                           ; This function uses a non-reentrant model
  5931                           ; 
  5932                           	psect	intrtext,class=CODE,delta=2
  5933                           	file	"E:\Projects\Asil\Motor Final\MENU\main.c
                                 "
  5934                           	line	215
  5935                           ;main.c: 214: void interrupt isr(void)
  5936                           ;main.c: 215: {
  5937                           	
  5938  06B3                     _isr:	
  5939                           	opt stack 7
  5940                           ; Regs used in _isr: [wreg+status,2+status,0]
  5941                           	psect	intentry,class=CODE,delta=2
  5942                           global interrupt_function
  5943  0004                     interrupt_function:
  5944                           	global saved_w
  5945  0000                     	saved_w	set	btemp+1
  5946  0004  00FF               	movwf	saved_w
  5947  0005  0803               	movf	status,w
  5948  0006  1283               	bcf	status, 5	;RP0=0, select bank0
  5949  0007  1303               	bcf	status, 6	;RP2=0, select bank0
  5950  0008  00EA               	movwf	(??_isr+1)
  5951  0009  0804               	movf	fsr0,w
  5952  000A  00EB               	movwf	(??_isr+2)
  5953  000B  080A               	movf	pclath,w
  5954  000C  00EC               	movwf	(??_isr+3)
  5955  000D  087E               	movf	btemp+0,w
  5956  000E  00ED               	movwf	(??_isr+4)
  5957  000F  120A  118A  2EB3   	ljmp	_isr
  5958                           	psect	intrtext
  5959                           	line	217
  5960                           ;main.c: 217: if((TMR2IE)&&(TMR2IF))
  5961  06B3  1683               	bsf	status, 5	;RP0=1, select bank1
  5962  06B4  1303               	bcf	status, 6	;RP2=0, select bank1
  5963  06B5  1C8C               	btfss	(1121/8)^080h,(1121)&7
  5964  06B6  2EB8               	goto	i1u4401
  5965  06B7  2EB9               	goto	i1u4400
  5966  06B8                     i1u4401:
  5967  06B8  2ED3               	goto	i1l124
  5968  06B9                     i1u4400:
  5969  06B9  1283               	bcf	status, 5	;RP0=0, select bank0
  5970  06BA  1303               	bcf	status, 6	;RP2=0, select bank0
  5971  06BB  1C8C               	btfss	(97/8),(97)&7
  5972  06BC  2EBE               	goto	i1u4411
  5973  06BD  2EBF               	goto	i1u4410
  5974  06BE                     i1u4411:
  5975  06BE  2ED3               	goto	i1l124
  5976  06BF                     i1u4410:
  5977                           	line	220
  5978                           ;main.c: 218: {
  5979                           ;main.c: 220: if(++tickCounter == 25)
  5980  06BF  3001               	movlw	(01h)
  5981  06C0  00E9               	movwf	(??_isr+0+0)
  5982                           	
  5983  06C1  0869               	movf	(??_isr+0+0),w
  5984  06C2  07F5               	addwf	(117),f	;volatile
  5985  06C3  0875               	movf	((117))&07fh,w	;volatile
  5986                           	
  5987  06C4  3A19               	xorlw	019h
  5988  06C5  1D03               	skipz
  5989  06C6  2EC8               	goto	i1u4421
  5990  06C7  2EC9               	goto	i1u4420
  5991  06C8                     i1u4421:
  5992  06C8  2ED2               	goto	i1l125
  5993  06C9                     i1u4420:
  5994                           	line	222
  5995                           ;main.c: 221: {
  5996                           ;main.c: 222: tickCounter=0;
  5997  06C9  1003               	clrc
  5998                           	
  5999  06CA  3000               	movlw	0
  6000  06CB  1803               	btfsc	status,0
  6001  06CC  3001               	movlw	1
  6002  06CD  00F5               	movwf	(117)	;volatile
  6003                           	line	223
  6004                           ;main.c: 223: newSecond++;
  6005  06CE  3001               	movlw	(01h)
  6006  06CF  00E9               	movwf	(??_isr+0+0)
  6007                           	
  6008  06D0  0869               	movf	(??_isr+0+0),w
  6009  06D1  07CF               	addwf	(79),f	;volatile
  6010                           	line	224
  6011                           	
  6012  06D2                     i1l125:	
  6013                           	line	225
  6014                           ;main.c: 224: }
  6015                           ;main.c: 225: TMR2IF=0;
  6016  06D2  108C               	bcf	(97/8),(97)&7
  6017                           	line	226
  6018                           	
  6019  06D3                     i1l124:	
  6020                           	line	227
  6021                           ;main.c: 226: }
  6022                           ;main.c: 227: }
  6023  06D3                     i1l123:	
  6024  06D3  1283               	bcf	status, 5	;RP0=0, select bank0
  6025  06D4  086D               	movf	(??_isr+4),w
  6026  06D5  00FE               	movwf	btemp+0
  6027  06D6  086C               	movf	(??_isr+3),w
  6028  06D7  008A               	movwf	pclath
  6029  06D8  086B               	movf	(??_isr+2),w
  6030  06D9  0084               	movwf	fsr0
  6031  06DA  086A               	movf	(??_isr+1),w
  6032  06DB  0083               	movwf	status
  6033  06DC  0EFF               	swapf	saved_w,f
  6034  06DD  0E7F               	swapf	saved_w,w
  6035  06DE  0009               	retfie
  6036                           	psect	intrtext
  6037                           	opt stack 0
  6038                           ; =============== function _isr ends ==========
                                 =====
  6039                           
  6040                           GLOBAL __end_of_isr
  6041  06DF                     	__end_of_isr:
  6042                           	FNSIZE	_isr,5,0
  6043                           	signat	_isr,88
  6044                           	FNCALL	_main,_lcd_init
  6045                           	FNCALL	_main,_lcd_write
  6046                           	FNCALL	_main,_lcd_puts
  6047                           	FNCALL	_main,_alarmmenu
  6048                           	FNCALL	_main,_buzz
  6049                           	FNCALL	_main,_lcd_clear
  6050                           	FNCALL	_main,_lcd_goto
  6051                           	FNCALL	_main,_lcd_putch
  6052                           	FNCALL	_main,_showtime
  6053                           	FNCALL	_main,_drawamenu
  6054                           	FNCALL	_drawamenu,_lcd_puts
  6055                           	FNCALL	_drawamenu,_lcd_goto
  6056                           	FNCALL	_drawamenu,_lcd_putch
  6057                           	FNCALL	_drawamenu,_showtime
  6058                           	FNCALL	_drawamenu,___awdiv
  6059                           	FNCALL	_drawamenu,___awmod
  6060                           	FNCALL	_lcd_init,_LCD_STROBE
  6061                           	FNCALL	_lcd_init,_lcd_write
  6062                           	FNCALL	_lcd_init,_lcd_clear
  6063                           	FNCALL	_showtime,_lcd_goto
  6064                           	FNCALL	_showtime,_lcd_puts
  6065                           	FNCALL	_showtime,___awdiv
  6066                           	FNCALL	_showtime,_lcd_putch
  6067                           	FNCALL	_showtime,___awmod
  6068                           	FNCALL	_lcd_clear,_lcd_write
  6069                           	FNCALL	_lcd_putch,_lcd_write
  6070                           	FNCALL	_lcd_puts,_lcd_write
  6071                           	FNCALL	_lcd_goto,_lcd_write
  6072                           	FNCALL	_lcd_write,_LCD_STROBE
  6073                           	FNROOT	_main
  6074                           	FNCALL	intlevel1,_isr
  6075                           	global	intlevel1
  6076                           	FNROOT	intlevel1
  6077                           	global	_main_newchars
  6078                           	psect	rbss_1,class=BANK1,space=1
  6079                           
  6080                           	DABS	1,192,48	;_main_newchars
  6081  0000                     	_main_newchars	set	0xC0
  6082                           
  6083                           	psect	idata,class=CODE,delta=2,space=0
  6084                           	line	257
  6085                           
  6086                           ;initializer for _main_newchars
  6087  060F  3482               	retlw	082h
  6088  0610  3486               	retlw	086h
  6089  0611  348E               	retlw	08Eh
  6090  0612  349E               	retlw	09Eh
  6091  0613  348E               	retlw	08Eh
  6092  0614  3486               	retlw	086h
  6093  0615  3482               	retlw	082h
  6094  0616  3480               	retlw	080h
  6095  0617  3488               	retlw	088h
  6096  0618  348C               	retlw	08Ch
  6097  0619  348E               	retlw	08Eh
  6098  061A  348F               	retlw	08Fh
  6099  061B  348E               	retlw	08Eh
  6100  061C  348C               	retlw	08Ch
  6101  061D  3488               	retlw	088h
  6102  061E  3480               	retlw	080h
  6103  061F  3480               	retlw	080h
  6104  0620  3484               	retlw	084h
  6105  0621  3484               	retlw	084h
  6106  0622  348E               	retlw	08Eh
  6107  0623  348E               	retlw	08Eh
  6108  0624  349F               	retlw	09Fh
  6109  0625  349F               	retlw	09Fh
  6110  0626  3480               	retlw	080h
  6111  0627  3480               	retlw	080h
  6112  0628  349F               	retlw	09Fh
  6113  0629  349F               	retlw	09Fh
  6114  062A  348E               	retlw	08Eh
  6115  062B  348E               	retlw	08Eh
  6116  062C  3484               	retlw	084h
  6117  062D  3484               	retlw	084h
  6118  062E  3480               	retlw	080h
  6119  062F  3480               	retlw	080h
  6120  0630  3484               	retlw	084h
  6121  0631  348E               	retlw	08Eh
  6122  0632  348E               	retlw	08Eh
  6123  0633  348E               	retlw	08Eh
  6124  0634  349F               	retlw	09Fh
  6125  0635  3484               	retlw	084h
  6126  0636  3480               	retlw	080h
  6127  0637  348E               	retlw	08Eh
  6128  0638  349F               	retlw	09Fh
  6129  0639  3497               	retlw	097h
  6130  063A  3497               	retlw	097h
  6131  063B  3497               	retlw	097h
  6132  063C  3497               	retlw	097h
  6133  063D  3497               	retlw	097h
  6134  063E  349F               	retlw	09Fh
  6135                           	psect	strings,class=CODE,delta=2,reloc=256
  6136                           	global	stringdir,stringtab,__stringbase,string
                                 jmp
  6137  0700                     stringtab:
  6138  0700  00FE               	movwf	(btemp)&07Fh
  6139  0701  1FFE               	btfss	(btemp)&07Fh,7
  6140  0702  2F08               	goto	stringcode
  6141  0703  1383               	bcf	status,7
  6142  0704  187E               	btfsc	btemp&7Fh,0
  6143  0705  1783               	bsf	status,7
  6144  0706  0800               	movf	indf,w
  6145  0707  0008               	return
  6146  0708                     stringcode:
  6147  0708  0804               	movf	fsr,w
  6148  0709                     stringdir:
  6149  0709  00FE               movwf btemp&07Fh
  6150  070A  3007               movlw high(stringdir)
  6151  070B  008A               movwf pclath
  6152  070C  087E               movf btemp&07Fh,w
  6153  070D                     stringjmp:
  6154  070D  0782               	addwf pc
  6155  070E                     __stringbase:
  6156  070E  3400               	retlw	0
  6157                           	global	_a1_duration
  6158                           	psect	rbss_0,class=BANK0,space=1
  6159                           
  6160                           	DABS	1,72,2	;_a1_duration
  6161  0000                     	_a1_duration	set	0x48
  6162                           
  6163                           	global	_a2_duration
  6164                           
  6165                           	DABS	1,70,2	;_a2_duration
  6166  0000                     	_a2_duration	set	0x46
  6167                           
  6168                           	global	_a3_duration
  6169                           
  6170                           	DABS	1,74,2	;_a3_duration
  6171  0000                     	_a3_duration	set	0x4A
  6172                           
  6173                           	global	_A1_ON
  6174                           
  6175                           	DABS	1,77,1	;_A1_ON
  6176  0000                     	_A1_ON	set	0x4D
  6177                           
  6178                           	global	_A2_ON
  6179                           
  6180                           	DABS	1,76,1	;_A2_ON
  6181  0000                     	_A2_ON	set	0x4C
  6182                           
  6183                           	global	_A3_ON
  6184                           
  6185                           	DABS	1,69,1	;_A3_ON
  6186  0000                     	_A3_ON	set	0x45
  6187                           
  6188                           	global	_a1_hours
  6189                           
  6190                           	DABS	1,65,1	;_a1_hours
  6191  0000                     	_a1_hours	set	0x41
  6192                           
  6193                           	global	_a1_minutes
  6194                           
  6195                           	DABS	1,64,1	;_a1_minutes
  6196  0000                     	_a1_minutes	set	0x40
  6197                           
  6198                           	global	_a2_hours
  6199                           
  6200                           	DABS	1,66,1	;_a2_hours
  6201  0000                     	_a2_hours	set	0x42
  6202                           
  6203                           	global	_a2_minutes
  6204                           
  6205                           	DABS	1,68,1	;_a2_minutes
  6206  0000                     	_a2_minutes	set	0x44
  6207                           
  6208                           	global	_a3_hours
  6209                           
  6210                           	DABS	1,67,1	;_a3_hours
  6211  0000                     	_a3_hours	set	0x43
  6212                           
  6213                           	global	_a3_minutes
  6214                           
  6215                           	DABS	1,78,1	;_a3_minutes
  6216  0000                     	_a3_minutes	set	0x4E
  6217                           
  6218                           	global	_alflag
  6219                           	psect	common,class=COMMON,space=1
  6220                           
  6221                           	DABS	1,120,1	;_alflag
  6222  0000                     	_alflag	set	0x78
  6223                           
  6224                           	global	_duration
  6225                           
  6226                           	DABS	1,119,1	;_duration
  6227  0000                     	_duration	set	0x77
  6228                           
  6229                           	global	_hours
  6230                           
  6231                           	DABS	1,121,1	;_hours
  6232  0000                     	_hours	set	0x79
  6233                           
  6234                           	global	_key
  6235                           
  6236                           	DABS	1,123,1	;_key
  6237  0000                     	_key	set	0x7B
  6238                           
  6239                           	global	_mcurpos
  6240                           
  6241                           	DABS	1,122,1	;_mcurpos
  6242  0000                     	_mcurpos	set	0x7A
  6243                           
  6244                           	global	_mincntr
  6245                           
  6246                           	DABS	1,118,1	;_mincntr
  6247  0000                     	_mincntr	set	0x76
  6248                           
  6249                           	global	_minutes
  6250                           	psect	rbss_0
  6251                           
  6252                           	DABS	1,80,1	;_minutes
  6253  0000                     	_minutes	set	0x50
  6254                           
  6255                           	global	_newSecond
  6256                           
  6257                           	DABS	1,79,1	;_newSecond
  6258  0000                     	_newSecond	set	0x4F
  6259                           
  6260                           	global	_seconds
  6261                           
  6262                           	DABS	1,81,1	;_seconds
  6263  0000                     	_seconds	set	0x51
  6264                           
  6265                           	global	_tickCounter
  6266                           	psect	common
  6267                           
  6268                           	DABS	1,117,1	;_tickCounter
  6269  0000                     	_tickCounter	set	0x75
  6270                           
  6271                           	global	_tset
  6272                           
  6273                           	DABS	1,116,1	;_tset
  6274  0000                     	_tset	set	0x74
  6275                           
  6276                           	global	_a1_ampm
  6277                           	psect	rbit_0,class=BANK0,bit,space=1
  6278                           
  6279                           	DABS	1,125,1	;_a1_ampm
  6280  0000                     	_a1_ampm	set	0x3E8	;byte address: 0x7D
  6281                           
  6282                           	global	_a2_ampm
  6283                           
  6284                           	DABS	1,125,1	;_a2_ampm
  6285  0000                     	_a2_ampm	set	0x3E9	;byte address: 0x7D
  6286                           
  6287                           	global	_a3_ampm
  6288                           
  6289                           	DABS	1,125,1	;_a3_ampm
  6290  0000                     	_a3_ampm	set	0x3EA	;byte address: 0x7D
  6291                           
  6292                           	global	_ampm
  6293                           
  6294                           	DABS	1,125,1	;_ampm
  6295  0000                     	_ampm	set	0x3EB	;byte address: 0x7D
  6296                           
  6297                           	global	_ADCON0
  6298                           	global	_ADCON0
  6299  0000                     	_ADCON0	set	0x1F
  6300                           
  6301                           	global	_ADCON1
  6302  0000                     	_ADCON1	set	0x9F
  6303                           
  6304                           	global	_ADRESH
  6305                           	global	_ADRESH
  6306  0000                     	_ADRESH	set	0x1E
  6307                           
  6308                           	global	_ADRESL
  6309                           	global	_ADRESL
  6310  0000                     	_ADRESL	set	0x9E
  6311                           
  6312                           	global	_CCP1CON
  6313                           	global	_CCP1CON
  6314  0000                     	_CCP1CON	set	0x17
  6315                           
  6316                           	global	_CCP2CON
  6317                           	global	_CCP2CON
  6318  0000                     	_CCP2CON	set	0x1D
  6319                           
  6320                           	global	_CCPR1H
  6321                           	global	_CCPR1H
  6322  0000                     	_CCPR1H	set	0x16
  6323                           
  6324                           	global	_CCPR1L
  6325                           	global	_CCPR1L
  6326  0000                     	_CCPR1L	set	0x15
  6327                           
  6328                           	global	_CCPR2H
  6329                           	global	_CCPR2H
  6330  0000                     	_CCPR2H	set	0x1C
  6331                           
  6332                           	global	_CCPR2L
  6333                           	global	_CCPR2L
  6334  0000                     	_CCPR2L	set	0x1B
  6335                           
  6336                           	global	_CMCON
  6337  0000                     	_CMCON	set	0x9C
  6338                           
  6339                           	global	_CVRCON
  6340                           	global	_CVRCON
  6341  0000                     	_CVRCON	set	0x9D
  6342                           
  6343                           	global	_EEADR
  6344                           	global	_EEADR
  6345  0000                     	_EEADR	set	0x10D
  6346                           
  6347                           	global	_EEADRH
  6348                           	global	_EEADRH
  6349  0000                     	_EEADRH	set	0x10F
  6350                           
  6351                           	global	_EEADRL
  6352                           	global	_EEADRL
  6353  0000                     	_EEADRL	set	0x10D
  6354                           
  6355                           	global	_EECON1
  6356                           	global	_EECON1
  6357  0000                     	_EECON1	set	0x18C
  6358                           
  6359                           	global	_EECON2
  6360                           	global	_EECON2
  6361  0000                     	_EECON2	set	0x18D
  6362                           
  6363                           	global	_EEDATA
  6364                           	global	_EEDATA
  6365  0000                     	_EEDATA	set	0x10C
  6366                           
  6367                           	global	_EEDATH
  6368                           	global	_EEDATH
  6369  0000                     	_EEDATH	set	0x10E
  6370                           
  6371                           	global	_FSR
  6372                           	global	_FSR
  6373  0000                     	_FSR	set	0x4
  6374                           
  6375                           	global	_INDF
  6376                           	global	_INDF
  6377  0000                     	_INDF	set	0x0
  6378                           
  6379                           	global	_INTCON
  6380  0000                     	_INTCON	set	0xB
  6381                           
  6382                           	global	_MENU_MODE
  6383                           	psect	common
  6384                           
  6385                           	DABS	1,114,1	;_MENU_MODE
  6386  0000                     	_MENU_MODE	set	0x72
  6387                           
  6388                           	global	_OPTION
  6389                           	global	_OPTION
  6390  0000                     	_OPTION	set	0x81
  6391                           
  6392                           	global	_PCL
  6393                           	global	_PCL
  6394  0000                     	_PCL	set	0x2
  6395                           
  6396                           	global	_PCLATH
  6397                           	global	_PCLATH
  6398  0000                     	_PCLATH	set	0xA
  6399                           
  6400                           	global	_PCON
  6401                           	global	_PCON
  6402  0000                     	_PCON	set	0x8E
  6403                           
  6404                           	global	_PIE1
  6405  0000                     	_PIE1	set	0x8C
  6406                           
  6407                           	global	_PIE2
  6408                           	global	_PIE2
  6409  0000                     	_PIE2	set	0x8D
  6410                           
  6411                           	global	_PIR1
  6412                           	global	_PIR1
  6413  0000                     	_PIR1	set	0xC
  6414                           
  6415                           	global	_PIR2
  6416                           	global	_PIR2
  6417  0000                     	_PIR2	set	0xD
  6418                           
  6419                           	global	_PORTA
  6420                           	global	_PORTA
  6421  0000                     	_PORTA	set	0x5
  6422                           
  6423                           	global	_PORTB
  6424  0000                     	_PORTB	set	0x6
  6425                           
  6426                           	global	_PORTC
  6427  0000                     	_PORTC	set	0x7
  6428                           
  6429                           	global	_PORTD
  6430  0000                     	_PORTD	set	0x8
  6431                           
  6432                           	global	_PORTE
  6433                           	global	_PORTE
  6434  0000                     	_PORTE	set	0x9
  6435                           
  6436                           	global	_PR2
  6437  0000                     	_PR2	set	0x92
  6438                           
  6439                           	global	_RCREG
  6440                           	global	_RCREG
  6441  0000                     	_RCREG	set	0x1A
  6442                           
  6443                           	global	_RCSTA
  6444                           	global	_RCSTA
  6445  0000                     	_RCSTA	set	0x18
  6446                           
  6447                           	global	_SPBRG
  6448                           	global	_SPBRG
  6449  0000                     	_SPBRG	set	0x99
  6450                           
  6451                           	global	_SSPADD
  6452                           	global	_SSPADD
  6453  0000                     	_SSPADD	set	0x93
  6454                           
  6455                           	global	_SSPBUF
  6456                           	global	_SSPBUF
  6457  0000                     	_SSPBUF	set	0x13
  6458                           
  6459                           	global	_SSPCON
  6460                           	global	_SSPCON
  6461  0000                     	_SSPCON	set	0x14
  6462                           
  6463                           	global	_SSPCON2
  6464                           	global	_SSPCON2
  6465  0000                     	_SSPCON2	set	0x91
  6466                           
  6467                           	global	_SSPSTAT
  6468                           	global	_SSPSTAT
  6469  0000                     	_SSPSTAT	set	0x94
  6470                           
  6471                           	global	_STATUS
  6472                           	global	_STATUS
  6473  0000                     	_STATUS	set	0x3
  6474                           
  6475                           	global	_T1CON
  6476                           	global	_T1CON
  6477  0000                     	_T1CON	set	0x10
  6478                           
  6479                           	global	_T2CON
  6480  0000                     	_T2CON	set	0x12
  6481                           
  6482                           	global	_TMR0
  6483                           	global	_TMR0
  6484  0000                     	_TMR0	set	0x1
  6485                           
  6486                           	global	_TMR1H
  6487                           	global	_TMR1H
  6488  0000                     	_TMR1H	set	0xF
  6489                           
  6490                           	global	_TMR1L
  6491                           	global	_TMR1L
  6492  0000                     	_TMR1L	set	0xE
  6493                           
  6494                           	global	_TMR2
  6495                           	global	_TMR2
  6496  0000                     	_TMR2	set	0x11
  6497                           
  6498                           	global	_TRISA
  6499                           	global	_TRISA
  6500  0000                     	_TRISA	set	0x85
  6501                           
  6502                           	global	_TRISB
  6503  0000                     	_TRISB	set	0x86
  6504                           
  6505                           	global	_TRISC
  6506  0000                     	_TRISC	set	0x87
  6507                           
  6508                           	global	_TRISD
  6509  0000                     	_TRISD	set	0x88
  6510                           
  6511                           	global	_TRISE
  6512  0000                     	_TRISE	set	0x89
  6513                           
  6514                           	global	_TXREG
  6515                           	global	_TXREG
  6516  0000                     	_TXREG	set	0x19
  6517                           
  6518                           	global	_TXSTA
  6519                           	global	_TXSTA
  6520  0000                     	_TXSTA	set	0x98
  6521                           
  6522                           	global	_cursorpos
  6523                           
  6524                           	DABS	1,124,1	;_cursorpos
  6525  0000                     	_cursorpos	set	0x7C
  6526                           
  6527                           	global	_mkey
  6528                           
  6529                           	DABS	1,112,1	;_mkey
  6530  0000                     	_mkey	set	0x70
  6531                           
  6532                           	global	_mmkey
  6533                           
  6534                           	DABS	1,113,1	;_mmkey
  6535  0000                     	_mmkey	set	0x71
  6536                           
  6537                           	global	_ACKDT
  6538                           	global	_ACKDT
  6539  0000                     	_ACKDT	set	0x48D	;byte address: 0x91
  6540                           
  6541                           	global	_ACKEN
  6542                           	global	_ACKEN
  6543  0000                     	_ACKEN	set	0x48C	;byte address: 0x91
  6544                           
  6545                           	global	_ACKSTAT
  6546                           	global	_ACKSTAT
  6547  0000                     	_ACKSTAT	set	0x48E	;byte address: 0x91
  6548                           
  6549                           	global	_ADCS0
  6550                           	global	_ADCS0
  6551  0000                     	_ADCS0	set	0xFE	;byte address: 0x1F
  6552                           
  6553                           	global	_ADCS1
  6554                           	global	_ADCS1
  6555  0000                     	_ADCS1	set	0xFF	;byte address: 0x1F
  6556                           
  6557                           	global	_ADCS2
  6558                           	global	_ADCS2
  6559  0000                     	_ADCS2	set	0x4FE	;byte address: 0x9F
  6560                           
  6561                           	global	_ADDEN
  6562                           	global	_ADDEN
  6563  0000                     	_ADDEN	set	0xC3	;byte address: 0x18
  6564                           
  6565                           	global	_ADFM
  6566                           	global	_ADFM
  6567  0000                     	_ADFM	set	0x4FF	;byte address: 0x9F
  6568                           
  6569                           	global	_ADGO
  6570                           	global	_ADGO
  6571  0000                     	_ADGO	set	0xFA	;byte address: 0x1F
  6572                           
  6573                           	global	_ADIE
  6574                           	global	_ADIE
  6575  0000                     	_ADIE	set	0x466	;byte address: 0x8C
  6576                           
  6577                           	global	_ADIF
  6578                           	global	_ADIF
  6579  0000                     	_ADIF	set	0x66	;byte address: 0xC
  6580                           
  6581                           	global	_ADON
  6582                           	global	_ADON
  6583  0000                     	_ADON	set	0xF8	;byte address: 0x1F
  6584                           
  6585                           	global	_BCLIE
  6586                           	global	_BCLIE
  6587  0000                     	_BCLIE	set	0x46B	;byte address: 0x8D
  6588                           
  6589                           	global	_BCLIF
  6590                           	global	_BCLIF
  6591  0000                     	_BCLIF	set	0x6B	;byte address: 0xD
  6592                           
  6593                           	global	_BF
  6594                           	global	_BF
  6595  0000                     	_BF	set	0x4A0	;byte address: 0x94
  6596                           
  6597                           	global	_BOR
  6598                           	global	_BOR
  6599  0000                     	_BOR	set	0x470	;byte address: 0x8E
  6600                           
  6601                           	global	_BRGH
  6602                           	global	_BRGH
  6603  0000                     	_BRGH	set	0x4C2	;byte address: 0x98
  6604                           
  6605                           	global	_C1INV
  6606                           	global	_C1INV
  6607  0000                     	_C1INV	set	0x4E4	;byte address: 0x9C
  6608                           
  6609                           	global	_C1OUT
  6610                           	global	_C1OUT
  6611  0000                     	_C1OUT	set	0x4E6	;byte address: 0x9C
  6612                           
  6613                           	global	_C2INV
  6614                           	global	_C2INV
  6615  0000                     	_C2INV	set	0x4E5	;byte address: 0x9C
  6616                           
  6617                           	global	_C2OUT
  6618                           	global	_C2OUT
  6619  0000                     	_C2OUT	set	0x4E7	;byte address: 0x9C
  6620                           
  6621                           	global	_CARRY
  6622                           	global	_CARRY
  6623  0000                     	_CARRY	set	0x18	;byte address: 0x3
  6624                           
  6625                           	global	_CCP1IE
  6626                           	global	_CCP1IE
  6627  0000                     	_CCP1IE	set	0x462	;byte address: 0x8C
  6628                           
  6629                           	global	_CCP1IF
  6630                           	global	_CCP1IF
  6631  0000                     	_CCP1IF	set	0x62	;byte address: 0xC
  6632                           
  6633                           	global	_CCP1M0
  6634                           	global	_CCP1M0
  6635  0000                     	_CCP1M0	set	0xB8	;byte address: 0x17
  6636                           
  6637                           	global	_CCP1M1
  6638                           	global	_CCP1M1
  6639  0000                     	_CCP1M1	set	0xB9	;byte address: 0x17
  6640                           
  6641                           	global	_CCP1M2
  6642                           	global	_CCP1M2
  6643  0000                     	_CCP1M2	set	0xBA	;byte address: 0x17
  6644                           
  6645                           	global	_CCP1M3
  6646                           	global	_CCP1M3
  6647  0000                     	_CCP1M3	set	0xBB	;byte address: 0x17
  6648                           
  6649                           	global	_CCP1X
  6650                           	global	_CCP1X
  6651  0000                     	_CCP1X	set	0xBD	;byte address: 0x17
  6652                           
  6653                           	global	_CCP1Y
  6654                           	global	_CCP1Y
  6655  0000                     	_CCP1Y	set	0xBC	;byte address: 0x17
  6656                           
  6657                           	global	_CCP2IE
  6658                           	global	_CCP2IE
  6659  0000                     	_CCP2IE	set	0x468	;byte address: 0x8D
  6660                           
  6661                           	global	_CCP2IF
  6662                           	global	_CCP2IF
  6663  0000                     	_CCP2IF	set	0x68	;byte address: 0xD
  6664                           
  6665                           	global	_CCP2M0
  6666                           	global	_CCP2M0
  6667  0000                     	_CCP2M0	set	0xE8	;byte address: 0x1D
  6668                           
  6669                           	global	_CCP2M1
  6670                           	global	_CCP2M1
  6671  0000                     	_CCP2M1	set	0xE9	;byte address: 0x1D
  6672                           
  6673                           	global	_CCP2M2
  6674                           	global	_CCP2M2
  6675  0000                     	_CCP2M2	set	0xEA	;byte address: 0x1D
  6676                           
  6677                           	global	_CCP2M3
  6678                           	global	_CCP2M3
  6679  0000                     	_CCP2M3	set	0xEB	;byte address: 0x1D
  6680                           
  6681                           	global	_CCP2X
  6682                           	global	_CCP2X
  6683  0000                     	_CCP2X	set	0xED	;byte address: 0x1D
  6684                           
  6685                           	global	_CCP2Y
  6686                           	global	_CCP2Y
  6687  0000                     	_CCP2Y	set	0xEC	;byte address: 0x1D
  6688                           
  6689                           	global	_CHS0
  6690                           	global	_CHS0
  6691  0000                     	_CHS0	set	0xFB	;byte address: 0x1F
  6692                           
  6693                           	global	_CHS1
  6694                           	global	_CHS1
  6695  0000                     	_CHS1	set	0xFC	;byte address: 0x1F
  6696                           
  6697                           	global	_CHS2
  6698                           	global	_CHS2
  6699  0000                     	_CHS2	set	0xFD	;byte address: 0x1F
  6700                           
  6701                           	global	_CIS
  6702                           	global	_CIS
  6703  0000                     	_CIS	set	0x4E3	;byte address: 0x9C
  6704                           
  6705                           	global	_CKE
  6706                           	global	_CKE
  6707  0000                     	_CKE	set	0x4A6	;byte address: 0x94
  6708                           
  6709                           	global	_CKP
  6710                           	global	_CKP
  6711  0000                     	_CKP	set	0xA4	;byte address: 0x14
  6712                           
  6713                           	global	_CM0
  6714                           	global	_CM0
  6715  0000                     	_CM0	set	0x4E0	;byte address: 0x9C
  6716                           
  6717                           	global	_CM1
  6718                           	global	_CM1
  6719  0000                     	_CM1	set	0x4E1	;byte address: 0x9C
  6720                           
  6721                           	global	_CM2
  6722                           	global	_CM2
  6723  0000                     	_CM2	set	0x4E2	;byte address: 0x9C
  6724                           
  6725                           	global	_CMIE
  6726                           	global	_CMIE
  6727  0000                     	_CMIE	set	0x46E	;byte address: 0x8D
  6728                           
  6729                           	global	_CMIF
  6730                           	global	_CMIF
  6731  0000                     	_CMIF	set	0x6E	;byte address: 0xD
  6732                           
  6733                           	global	_CREN
  6734                           	global	_CREN
  6735  0000                     	_CREN	set	0xC4	;byte address: 0x18
  6736                           
  6737                           	global	_CSRC
  6738                           	global	_CSRC
  6739  0000                     	_CSRC	set	0x4C7	;byte address: 0x98
  6740                           
  6741                           	global	_CVR0
  6742                           	global	_CVR0
  6743  0000                     	_CVR0	set	0x4E8	;byte address: 0x9D
  6744                           
  6745                           	global	_CVR1
  6746                           	global	_CVR1
  6747  0000                     	_CVR1	set	0x4E9	;byte address: 0x9D
  6748                           
  6749                           	global	_CVR2
  6750                           	global	_CVR2
  6751  0000                     	_CVR2	set	0x4EA	;byte address: 0x9D
  6752                           
  6753                           	global	_CVR3
  6754                           	global	_CVR3
  6755  0000                     	_CVR3	set	0x4EB	;byte address: 0x9D
  6756                           
  6757                           	global	_CVREN
  6758                           	global	_CVREN
  6759  0000                     	_CVREN	set	0x4EF	;byte address: 0x9D
  6760                           
  6761                           	global	_CVROE
  6762                           	global	_CVROE
  6763  0000                     	_CVROE	set	0x4EE	;byte address: 0x9D
  6764                           
  6765                           	global	_CVRR
  6766                           	global	_CVRR
  6767  0000                     	_CVRR	set	0x4ED	;byte address: 0x9D
  6768                           
  6769                           	global	_DA
  6770                           	global	_DA
  6771  0000                     	_DA	set	0x4A5	;byte address: 0x94
  6772                           
  6773                           	global	_DC
  6774                           	global	_DC
  6775  0000                     	_DC	set	0x19	;byte address: 0x3
  6776                           
  6777                           	global	_EEIE
  6778                           	global	_EEIE
  6779  0000                     	_EEIE	set	0x46C	;byte address: 0x8D
  6780                           
  6781                           	global	_EEIF
  6782                           	global	_EEIF
  6783  0000                     	_EEIF	set	0x6C	;byte address: 0xD
  6784                           
  6785                           	global	_EEPGD
  6786                           	global	_EEPGD
  6787  0000                     	_EEPGD	set	0xC67	;byte address: 0x18C
  6788                           
  6789                           	global	_FERR
  6790                           	global	_FERR
  6791  0000                     	_FERR	set	0xC2	;byte address: 0x18
  6792                           
  6793                           	global	_GCEN
  6794                           	global	_GCEN
  6795  0000                     	_GCEN	set	0x48F	;byte address: 0x91
  6796                           
  6797                           	global	_GIE
  6798  0000                     	_GIE	set	0x5F	;byte address: 0xB
  6799                           
  6800                           	global	_GODONE
  6801                           	global	_GODONE
  6802  0000                     	_GODONE	set	0xFA	;byte address: 0x1F
  6803                           
  6804                           	global	_IBF
  6805                           	global	_IBF
  6806  0000                     	_IBF	set	0x44F	;byte address: 0x89
  6807                           
  6808                           	global	_IBOV
  6809                           	global	_IBOV
  6810  0000                     	_IBOV	set	0x44D	;byte address: 0x89
  6811                           
  6812                           	global	_INTE
  6813                           	global	_INTE
  6814  0000                     	_INTE	set	0x5C	;byte address: 0xB
  6815                           
  6816                           	global	_INTEDG
  6817                           	global	_INTEDG
  6818  0000                     	_INTEDG	set	0x40E	;byte address: 0x81
  6819                           
  6820                           	global	_INTF
  6821                           	global	_INTF
  6822  0000                     	_INTF	set	0x59	;byte address: 0xB
  6823                           
  6824                           	global	_IRP
  6825                           	global	_IRP
  6826  0000                     	_IRP	set	0x1F	;byte address: 0x3
  6827                           
  6828                           	global	_OBF
  6829                           	global	_OBF
  6830  0000                     	_OBF	set	0x44E	;byte address: 0x89
  6831                           
  6832                           	global	_OERR
  6833                           	global	_OERR
  6834  0000                     	_OERR	set	0xC1	;byte address: 0x18
  6835                           
  6836                           	global	_PCFG0
  6837                           	global	_PCFG0
  6838  0000                     	_PCFG0	set	0x4F8	;byte address: 0x9F
  6839                           
  6840                           	global	_PCFG1
  6841                           	global	_PCFG1
  6842  0000                     	_PCFG1	set	0x4F9	;byte address: 0x9F
  6843                           
  6844                           	global	_PCFG2
  6845                           	global	_PCFG2
  6846  0000                     	_PCFG2	set	0x4FA	;byte address: 0x9F
  6847                           
  6848                           	global	_PCFG3
  6849                           	global	_PCFG3
  6850  0000                     	_PCFG3	set	0x4FB	;byte address: 0x9F
  6851                           
  6852                           	global	_PD
  6853                           	global	_PD
  6854  0000                     	_PD	set	0x1B	;byte address: 0x3
  6855                           
  6856                           	global	_PEIE
  6857                           	global	_PEIE
  6858  0000                     	_PEIE	set	0x5E	;byte address: 0xB
  6859                           
  6860                           	global	_PEN
  6861                           	global	_PEN
  6862  0000                     	_PEN	set	0x48A	;byte address: 0x91
  6863                           
  6864                           	global	_POR
  6865                           	global	_POR
  6866  0000                     	_POR	set	0x471	;byte address: 0x8E
  6867                           
  6868                           	global	_PS0
  6869                           	global	_PS0
  6870  0000                     	_PS0	set	0x408	;byte address: 0x81
  6871                           
  6872                           	global	_PS1
  6873                           	global	_PS1
  6874  0000                     	_PS1	set	0x409	;byte address: 0x81
  6875                           
  6876                           	global	_PS2
  6877                           	global	_PS2
  6878  0000                     	_PS2	set	0x40A	;byte address: 0x81
  6879                           
  6880                           	global	_PSA
  6881                           	global	_PSA
  6882  0000                     	_PSA	set	0x40B	;byte address: 0x81
  6883                           
  6884                           	global	_PSPIE
  6885                           	global	_PSPIE
  6886  0000                     	_PSPIE	set	0x467	;byte address: 0x8C
  6887                           
  6888                           	global	_PSPIF
  6889                           	global	_PSPIF
  6890  0000                     	_PSPIF	set	0x67	;byte address: 0xC
  6891                           
  6892                           	global	_PSPMODE
  6893  0000                     	_PSPMODE	set	0x44C	;byte address: 0x89
  6894                           
  6895                           	global	_RA0
  6896                           	global	_RA0
  6897  0000                     	_RA0	set	0x28	;byte address: 0x5
  6898                           
  6899                           	global	_RA1
  6900                           	global	_RA1
  6901  0000                     	_RA1	set	0x29	;byte address: 0x5
  6902                           
  6903                           	global	_RA2
  6904                           	global	_RA2
  6905  0000                     	_RA2	set	0x2A	;byte address: 0x5
  6906                           
  6907                           	global	_RA3
  6908                           	global	_RA3
  6909  0000                     	_RA3	set	0x2B	;byte address: 0x5
  6910                           
  6911                           	global	_RA4
  6912                           	global	_RA4
  6913  0000                     	_RA4	set	0x2C	;byte address: 0x5
  6914                           
  6915                           	global	_RA5
  6916                           	global	_RA5
  6917  0000                     	_RA5	set	0x2D	;byte address: 0x5
  6918                           
  6919                           	global	_RB0
  6920                           	global	_RB0
  6921  0000                     	_RB0	set	0x30	;byte address: 0x6
  6922                           
  6923                           	global	_RB1
  6924                           	global	_RB1
  6925  0000                     	_RB1	set	0x31	;byte address: 0x6
  6926                           
  6927                           	global	_RB2
  6928                           	global	_RB2
  6929  0000                     	_RB2	set	0x32	;byte address: 0x6
  6930                           
  6931                           	global	_RB3
  6932                           	global	_RB3
  6933  0000                     	_RB3	set	0x33	;byte address: 0x6
  6934                           
  6935                           	global	_RB4
  6936                           	global	_RB4
  6937  0000                     	_RB4	set	0x34	;byte address: 0x6
  6938                           
  6939                           	global	_RB5
  6940                           	global	_RB5
  6941  0000                     	_RB5	set	0x35	;byte address: 0x6
  6942                           
  6943                           	global	_RB6
  6944                           	global	_RB6
  6945  0000                     	_RB6	set	0x36	;byte address: 0x6
  6946                           
  6947                           	global	_RB7
  6948                           	global	_RB7
  6949  0000                     	_RB7	set	0x37	;byte address: 0x6
  6950                           
  6951                           	global	_RBIE
  6952                           	global	_RBIE
  6953  0000                     	_RBIE	set	0x5B	;byte address: 0xB
  6954                           
  6955                           	global	_RBIF
  6956                           	global	_RBIF
  6957  0000                     	_RBIF	set	0x58	;byte address: 0xB
  6958                           
  6959                           	global	_RBPU
  6960                           	global	_RBPU
  6961  0000                     	_RBPU	set	0x40F	;byte address: 0x81
  6962                           
  6963                           	global	_RC0
  6964  0000                     	_RC0	set	0x38	;byte address: 0x7
  6965                           
  6966                           	global	_RC1
  6967                           	global	_RC1
  6968  0000                     	_RC1	set	0x39	;byte address: 0x7
  6969                           
  6970                           	global	_RC2
  6971  0000                     	_RC2	set	0x3A	;byte address: 0x7
  6972                           
  6973                           	global	_RC3
  6974                           	global	_RC3
  6975  0000                     	_RC3	set	0x3B	;byte address: 0x7
  6976                           
  6977                           	global	_RC4
  6978                           	global	_RC4
  6979  0000                     	_RC4	set	0x3C	;byte address: 0x7
  6980                           
  6981                           	global	_RC5
  6982                           	global	_RC5
  6983  0000                     	_RC5	set	0x3D	;byte address: 0x7
  6984                           
  6985                           	global	_RC6
  6986                           	global	_RC6
  6987  0000                     	_RC6	set	0x3E	;byte address: 0x7
  6988                           
  6989                           	global	_RC7
  6990                           	global	_RC7
  6991  0000                     	_RC7	set	0x3F	;byte address: 0x7
  6992                           
  6993                           	global	_RCEN
  6994                           	global	_RCEN
  6995  0000                     	_RCEN	set	0x48B	;byte address: 0x91
  6996                           
  6997                           	global	_RCIE
  6998                           	global	_RCIE
  6999  0000                     	_RCIE	set	0x465	;byte address: 0x8C
  7000                           
  7001                           	global	_RCIF
  7002                           	global	_RCIF
  7003  0000                     	_RCIF	set	0x65	;byte address: 0xC
  7004                           
  7005                           	global	_RD
  7006                           	global	_RD
  7007  0000                     	_RD	set	0xC60	;byte address: 0x18C
  7008                           
  7009                           	global	_RD0
  7010                           	global	_RD0
  7011  0000                     	_RD0	set	0x40	;byte address: 0x8
  7012                           
  7013                           	global	_RD1
  7014                           	global	_RD1
  7015  0000                     	_RD1	set	0x41	;byte address: 0x8
  7016                           
  7017                           	global	_RD2
  7018                           	global	_RD2
  7019  0000                     	_RD2	set	0x42	;byte address: 0x8
  7020                           
  7021                           	global	_RD3
  7022                           	global	_RD3
  7023  0000                     	_RD3	set	0x43	;byte address: 0x8
  7024                           
  7025                           	global	_RD4
  7026                           	global	_RD4
  7027  0000                     	_RD4	set	0x44	;byte address: 0x8
  7028                           
  7029                           	global	_RD5
  7030                           	global	_RD5
  7031  0000                     	_RD5	set	0x45	;byte address: 0x8
  7032                           
  7033                           	global	_RD6
  7034                           	global	_RD6
  7035  0000                     	_RD6	set	0x46	;byte address: 0x8
  7036                           
  7037                           	global	_RD7
  7038                           	global	_RD7
  7039  0000                     	_RD7	set	0x47	;byte address: 0x8
  7040                           
  7041                           	global	_RE0
  7042  0000                     	_RE0	set	0x48	;byte address: 0x9
  7043                           
  7044                           	global	_RE1
  7045  0000                     	_RE1	set	0x49	;byte address: 0x9
  7046                           
  7047                           	global	_RE2
  7048  0000                     	_RE2	set	0x4A	;byte address: 0x9
  7049                           
  7050                           	global	_RP0
  7051                           	global	_RP0
  7052  0000                     	_RP0	set	0x1D	;byte address: 0x3
  7053                           
  7054                           	global	_RP1
  7055                           	global	_RP1
  7056  0000                     	_RP1	set	0x1E	;byte address: 0x3
  7057                           
  7058                           	global	_RSEN
  7059                           	global	_RSEN
  7060  0000                     	_RSEN	set	0x489	;byte address: 0x91
  7061                           
  7062                           	global	_RW
  7063                           	global	_RW
  7064  0000                     	_RW	set	0x4A2	;byte address: 0x94
  7065                           
  7066                           	global	_RX9
  7067                           	global	_RX9
  7068  0000                     	_RX9	set	0xC6	;byte address: 0x18
  7069                           
  7070                           	global	_RX9D
  7071                           	global	_RX9D
  7072  0000                     	_RX9D	set	0xC0	;byte address: 0x18
  7073                           
  7074                           	global	_SEN
  7075                           	global	_SEN
  7076  0000                     	_SEN	set	0x488	;byte address: 0x91
  7077                           
  7078                           	global	_SMP
  7079                           	global	_SMP
  7080  0000                     	_SMP	set	0x4A7	;byte address: 0x94
  7081                           
  7082                           	global	_SPEN
  7083                           	global	_SPEN
  7084  0000                     	_SPEN	set	0xC7	;byte address: 0x18
  7085                           
  7086                           	global	_SREN
  7087                           	global	_SREN
  7088  0000                     	_SREN	set	0xC5	;byte address: 0x18
  7089                           
  7090                           	global	_SSPEN
  7091                           	global	_SSPEN
  7092  0000                     	_SSPEN	set	0xA5	;byte address: 0x14
  7093                           
  7094                           	global	_SSPIE
  7095                           	global	_SSPIE
  7096  0000                     	_SSPIE	set	0x463	;byte address: 0x8C
  7097                           
  7098                           	global	_SSPIF
  7099                           	global	_SSPIF
  7100  0000                     	_SSPIF	set	0x63	;byte address: 0xC
  7101                           
  7102                           	global	_SSPM0
  7103                           	global	_SSPM0
  7104  0000                     	_SSPM0	set	0xA0	;byte address: 0x14
  7105                           
  7106                           	global	_SSPM1
  7107                           	global	_SSPM1
  7108  0000                     	_SSPM1	set	0xA1	;byte address: 0x14
  7109                           
  7110                           	global	_SSPM2
  7111                           	global	_SSPM2
  7112  0000                     	_SSPM2	set	0xA2	;byte address: 0x14
  7113                           
  7114                           	global	_SSPM3
  7115                           	global	_SSPM3
  7116  0000                     	_SSPM3	set	0xA3	;byte address: 0x14
  7117                           
  7118                           	global	_SSPOV
  7119                           	global	_SSPOV
  7120  0000                     	_SSPOV	set	0xA6	;byte address: 0x14
  7121                           
  7122                           	global	_START
  7123                           	global	_START
  7124  0000                     	_START	set	0x4A3	;byte address: 0x94
  7125                           
  7126                           	global	_STOP
  7127                           	global	_STOP
  7128  0000                     	_STOP	set	0x4A4	;byte address: 0x94
  7129                           
  7130                           	global	_SYNC
  7131                           	global	_SYNC
  7132  0000                     	_SYNC	set	0x4C4	;byte address: 0x98
  7133                           
  7134                           	global	_T0CS
  7135                           	global	_T0CS
  7136  0000                     	_T0CS	set	0x40D	;byte address: 0x81
  7137                           
  7138                           	global	_T0IE
  7139                           	global	_T0IE
  7140  0000                     	_T0IE	set	0x5D	;byte address: 0xB
  7141                           
  7142                           	global	_T0IF
  7143                           	global	_T0IF
  7144  0000                     	_T0IF	set	0x5A	;byte address: 0xB
  7145                           
  7146                           	global	_T0SE
  7147                           	global	_T0SE
  7148  0000                     	_T0SE	set	0x40C	;byte address: 0x81
  7149                           
  7150                           	global	_T1CKPS0
  7151                           	global	_T1CKPS0
  7152  0000                     	_T1CKPS0	set	0x84	;byte address: 0x10
  7153                           
  7154                           	global	_T1CKPS1
  7155                           	global	_T1CKPS1
  7156  0000                     	_T1CKPS1	set	0x85	;byte address: 0x10
  7157                           
  7158                           	global	_T1OSCEN
  7159                           	global	_T1OSCEN
  7160  0000                     	_T1OSCEN	set	0x83	;byte address: 0x10
  7161                           
  7162                           	global	_T1SYNC
  7163                           	global	_T1SYNC
  7164  0000                     	_T1SYNC	set	0x82	;byte address: 0x10
  7165                           
  7166                           	global	_T2CKPS0
  7167                           	global	_T2CKPS0
  7168  0000                     	_T2CKPS0	set	0x90	;byte address: 0x12
  7169                           
  7170                           	global	_T2CKPS1
  7171                           	global	_T2CKPS1
  7172  0000                     	_T2CKPS1	set	0x91	;byte address: 0x12
  7173                           
  7174                           	global	_TMR0IE
  7175                           	global	_TMR0IE
  7176  0000                     	_TMR0IE	set	0x5D	;byte address: 0xB
  7177                           
  7178                           	global	_TMR0IF
  7179                           	global	_TMR0IF
  7180  0000                     	_TMR0IF	set	0x5A	;byte address: 0xB
  7181                           
  7182                           	global	_TMR1CS
  7183                           	global	_TMR1CS
  7184  0000                     	_TMR1CS	set	0x81	;byte address: 0x10
  7185                           
  7186                           	global	_TMR1IE
  7187                           	global	_TMR1IE
  7188  0000                     	_TMR1IE	set	0x460	;byte address: 0x8C
  7189                           
  7190                           	global	_TMR1IF
  7191                           	global	_TMR1IF
  7192  0000                     	_TMR1IF	set	0x60	;byte address: 0xC
  7193                           
  7194                           	global	_TMR1ON
  7195                           	global	_TMR1ON
  7196  0000                     	_TMR1ON	set	0x80	;byte address: 0x10
  7197                           
  7198                           	global	_TMR2IE
  7199  0000                     	_TMR2IE	set	0x461	;byte address: 0x8C
  7200                           
  7201                           	global	_TMR2IF
  7202  0000                     	_TMR2IF	set	0x61	;byte address: 0xC
  7203                           
  7204                           	global	_TMR2ON
  7205                           	global	_TMR2ON
  7206  0000                     	_TMR2ON	set	0x92	;byte address: 0x12
  7207                           
  7208                           	global	_TO
  7209                           	global	_TO
  7210  0000                     	_TO	set	0x1C	;byte address: 0x3
  7211                           
  7212                           	global	_TOUTPS0
  7213                           	global	_TOUTPS0
  7214  0000                     	_TOUTPS0	set	0x93	;byte address: 0x12
  7215                           
  7216                           	global	_TOUTPS1
  7217                           	global	_TOUTPS1
  7218  0000                     	_TOUTPS1	set	0x94	;byte address: 0x12
  7219                           
  7220                           	global	_TOUTPS2
  7221                           	global	_TOUTPS2
  7222  0000                     	_TOUTPS2	set	0x95	;byte address: 0x12
  7223                           
  7224                           	global	_TOUTPS3
  7225                           	global	_TOUTPS3
  7226  0000                     	_TOUTPS3	set	0x96	;byte address: 0x12
  7227                           
  7228                           	global	_TRISA0
  7229                           	global	_TRISA0
  7230  0000                     	_TRISA0	set	0x428	;byte address: 0x85
  7231                           
  7232                           	global	_TRISA1
  7233                           	global	_TRISA1
  7234  0000                     	_TRISA1	set	0x429	;byte address: 0x85
  7235                           
  7236                           	global	_TRISA2
  7237                           	global	_TRISA2
  7238  0000                     	_TRISA2	set	0x42A	;byte address: 0x85
  7239                           
  7240                           	global	_TRISA3
  7241                           	global	_TRISA3
  7242  0000                     	_TRISA3	set	0x42B	;byte address: 0x85
  7243                           
  7244                           	global	_TRISA4
  7245                           	global	_TRISA4
  7246  0000                     	_TRISA4	set	0x42C	;byte address: 0x85
  7247                           
  7248                           	global	_TRISA5
  7249                           	global	_TRISA5
  7250  0000                     	_TRISA5	set	0x42D	;byte address: 0x85
  7251                           
  7252                           	global	_TRISB0
  7253                           	global	_TRISB0
  7254  0000                     	_TRISB0	set	0x430	;byte address: 0x86
  7255                           
  7256                           	global	_TRISB1
  7257                           	global	_TRISB1
  7258  0000                     	_TRISB1	set	0x431	;byte address: 0x86
  7259                           
  7260                           	global	_TRISB2
  7261                           	global	_TRISB2
  7262  0000                     	_TRISB2	set	0x432	;byte address: 0x86
  7263                           
  7264                           	global	_TRISB3
  7265                           	global	_TRISB3
  7266  0000                     	_TRISB3	set	0x433	;byte address: 0x86
  7267                           
  7268                           	global	_TRISB4
  7269                           	global	_TRISB4
  7270  0000                     	_TRISB4	set	0x434	;byte address: 0x86
  7271                           
  7272                           	global	_TRISB5
  7273                           	global	_TRISB5
  7274  0000                     	_TRISB5	set	0x435	;byte address: 0x86
  7275                           
  7276                           	global	_TRISB6
  7277                           	global	_TRISB6
  7278  0000                     	_TRISB6	set	0x436	;byte address: 0x86
  7279                           
  7280                           	global	_TRISB7
  7281                           	global	_TRISB7
  7282  0000                     	_TRISB7	set	0x437	;byte address: 0x86
  7283                           
  7284                           	global	_TRISC0
  7285                           	global	_TRISC0
  7286  0000                     	_TRISC0	set	0x438	;byte address: 0x87
  7287                           
  7288                           	global	_TRISC1
  7289                           	global	_TRISC1
  7290  0000                     	_TRISC1	set	0x439	;byte address: 0x87
  7291                           
  7292                           	global	_TRISC2
  7293                           	global	_TRISC2
  7294  0000                     	_TRISC2	set	0x43A	;byte address: 0x87
  7295                           
  7296                           	global	_TRISC3
  7297                           	global	_TRISC3
  7298  0000                     	_TRISC3	set	0x43B	;byte address: 0x87
  7299                           
  7300                           	global	_TRISC4
  7301                           	global	_TRISC4
  7302  0000                     	_TRISC4	set	0x43C	;byte address: 0x87
  7303                           
  7304                           	global	_TRISC5
  7305                           	global	_TRISC5
  7306  0000                     	_TRISC5	set	0x43D	;byte address: 0x87
  7307                           
  7308                           	global	_TRISC6
  7309                           	global	_TRISC6
  7310  0000                     	_TRISC6	set	0x43E	;byte address: 0x87
  7311                           
  7312                           	global	_TRISC7
  7313                           	global	_TRISC7
  7314  0000                     	_TRISC7	set	0x43F	;byte address: 0x87
  7315                           
  7316                           	global	_TRISD0
  7317                           	global	_TRISD0
  7318  0000                     	_TRISD0	set	0x440	;byte address: 0x88
  7319                           
  7320                           	global	_TRISD1
  7321                           	global	_TRISD1
  7322  0000                     	_TRISD1	set	0x441	;byte address: 0x88
  7323                           
  7324                           	global	_TRISD2
  7325                           	global	_TRISD2
  7326  0000                     	_TRISD2	set	0x442	;byte address: 0x88
  7327                           
  7328                           	global	_TRISD3
  7329                           	global	_TRISD3
  7330  0000                     	_TRISD3	set	0x443	;byte address: 0x88
  7331                           
  7332                           	global	_TRISD4
  7333                           	global	_TRISD4
  7334  0000                     	_TRISD4	set	0x444	;byte address: 0x88
  7335                           
  7336                           	global	_TRISD5
  7337                           	global	_TRISD5
  7338  0000                     	_TRISD5	set	0x445	;byte address: 0x88
  7339                           
  7340                           	global	_TRISD6
  7341                           	global	_TRISD6
  7342  0000                     	_TRISD6	set	0x446	;byte address: 0x88
  7343                           
  7344                           	global	_TRISD7
  7345                           	global	_TRISD7
  7346  0000                     	_TRISD7	set	0x447	;byte address: 0x88
  7347                           
  7348                           	global	_TRISE0
  7349                           	global	_TRISE0
  7350  0000                     	_TRISE0	set	0x448	;byte address: 0x89
  7351                           
  7352                           	global	_TRISE1
  7353                           	global	_TRISE1
  7354  0000                     	_TRISE1	set	0x449	;byte address: 0x89
  7355                           
  7356                           	global	_TRISE2
  7357                           	global	_TRISE2
  7358  0000                     	_TRISE2	set	0x44A	;byte address: 0x89
  7359                           
  7360                           	global	_TRMT
  7361                           	global	_TRMT
  7362  0000                     	_TRMT	set	0x4C1	;byte address: 0x98
  7363                           
  7364                           	global	_TX9
  7365                           	global	_TX9
  7366  0000                     	_TX9	set	0x4C6	;byte address: 0x98
  7367                           
  7368                           	global	_TX9D
  7369                           	global	_TX9D
  7370  0000                     	_TX9D	set	0x4C0	;byte address: 0x98
  7371                           
  7372                           	global	_TXEN
  7373                           	global	_TXEN
  7374  0000                     	_TXEN	set	0x4C5	;byte address: 0x98
  7375                           
  7376                           	global	_TXIE
  7377                           	global	_TXIE
  7378  0000                     	_TXIE	set	0x464	;byte address: 0x8C
  7379                           
  7380                           	global	_TXIF
  7381                           	global	_TXIF
  7382  0000                     	_TXIF	set	0x64	;byte address: 0xC
  7383                           
  7384                           	global	_UA
  7385                           	global	_UA
  7386  0000                     	_UA	set	0x4A1	;byte address: 0x94
  7387                           
  7388                           	global	_WCOL
  7389                           	global	_WCOL
  7390  0000                     	_WCOL	set	0xA7	;byte address: 0x14
  7391                           
  7392                           	global	_WR
  7393                           	global	_WR
  7394  0000                     	_WR	set	0xC61	;byte address: 0x18C
  7395                           
  7396                           	global	_WREN
  7397                           	global	_WREN
  7398  0000                     	_WREN	set	0xC62	;byte address: 0x18C
  7399                           
  7400                           	global	_WRERR
  7401                           	global	_WRERR
  7402  0000                     	_WRERR	set	0xC63	;byte address: 0x18C
  7403                           
  7404                           	global	_ZERO
  7405                           	global	_ZERO
  7406  0000                     	_ZERO	set	0x1A	;byte address: 0x3
  7407                           
  7408                           	global	_buz
  7409                           	psect	rbit_0
  7410                           
  7411                           	DABS	1,115,1	;_buz
  7412  0000                     	_buz	set	0x398	;byte address: 0x73
  7413                           
  7414                           	global	_lcd_change
  7415                           
  7416                           	DABS	1,115,1	;_lcd_change
  7417  0000                     	_lcd_change	set	0x399	;byte address: 0x73
  7418                           
  7419                           	psect	strings
  7420                           	
  7421  070F                     STR_19:	
  7422  070F  3420               	retlw	32	;' '
  7423  0710  3420               	retlw	32	;' '
  7424  0711  3420               	retlw	32	;' '
  7425  0712  3420               	retlw	32	;' '
  7426  0713  3453               	retlw	83	;'S'
  7427  0714  3445               	retlw	69	;'E'
  7428  0715  3443               	retlw	67	;'C'
  7429  0716  3455               	retlw	85	;'U'
  7430  0717  3454               	retlw	84	;'T'
  7431  0718  3452               	retlw	82	;'R'
  7432  0719  3449               	retlw	73	;'I'
  7433  071A  3458               	retlw	88	;'X'
  7434  071B  3420               	retlw	32	;' '
  7435  071C  3420               	retlw	32	;' '
  7436  071D  3420               	retlw	32	;' '
  7437  071E  3420               	retlw	32	;' '
  7438  071F  3400               	retlw	0
  7439                           	
  7440  0720                     STR_20:	
  7441  0720  3420               	retlw	32	;' '
  7442  0721  3420               	retlw	32	;' '
  7443  0722  344D               	retlw	77	;'M'
  7444  0723  3441               	retlw	65	;'A'
  7445  0724  344E               	retlw	78	;'N'
  7446  0725  3455               	retlw	85	;'U'
  7447  0726  3441               	retlw	65	;'A'
  7448  0727  344C               	retlw	76	;'L'
  7449  0728  3420               	retlw	32	;' '
  7450  0729  344D               	retlw	77	;'M'
  7451  072A  344F               	retlw	79	;'O'
  7452  072B  3444               	retlw	68	;'D'
  7453  072C  3445               	retlw	69	;'E'
  7454  072D  3421               	retlw	33	;'!'
  7455  072E  3420               	retlw	32	;' '
  7456  072F  3420               	retlw	32	;' '
  7457  0730  3400               	retlw	0
  7458                           	
  7459  0731                     STR_21:	
  7460  0731  3420               	retlw	32	;' '
  7461  0732  3420               	retlw	32	;' '
  7462  0733  3420               	retlw	32	;' '
  7463  0734  3453               	retlw	83	;'S'
  7464  0735  3445               	retlw	69	;'E'
  7465  0736  3454               	retlw	84	;'T'
  7466  0737  3420               	retlw	32	;' '
  7467  0738  3454               	retlw	84	;'T'
  7468  0739  3449               	retlw	73	;'I'
  7469  073A  344D               	retlw	77	;'M'
  7470  073B  3445               	retlw	69	;'E'
  7471  073C  343F               	retlw	63	;'?'
  7472  073D  3420               	retlw	32	;' '
  7473  073E  3420               	retlw	32	;' '
  7474  073F  3420               	retlw	32	;' '
  7475  0740  3400               	retlw	0
  7476                           	
  7477  0741                     STR_25:	
  7478  0741  3420               	retlw	32	;' '
  7479  0742  3420               	retlw	32	;' '
  7480  0743  3420               	retlw	32	;' '
  7481  0744  3453               	retlw	83	;'S'
  7482  0745  3445               	retlw	69	;'E'
  7483  0746  3454               	retlw	84	;'T'
  7484  0747  3420               	retlw	32	;' '
  7485  0748  3454               	retlw	84	;'T'
  7486  0749  3449               	retlw	73	;'I'
  7487  074A  344D               	retlw	77	;'M'
  7488  074B  3445               	retlw	69	;'E'
  7489  074C  343A               	retlw	58	;':'
  7490  074D  3420               	retlw	32	;' '
  7491  074E  3420               	retlw	32	;' '
  7492  074F  3420               	retlw	32	;' '
  7493  0750  3400               	retlw	0
  7494                           	
  7495  0751                     STR_24:	
  7496  0751  3420               	retlw	32	;' '
  7497  0752  3420               	retlw	32	;' '
  7498  0753  3453               	retlw	83	;'S'
  7499  0754  3445               	retlw	69	;'E'
  7500  0755  3454               	retlw	84	;'T'
  7501  0756  3420               	retlw	32	;' '
  7502  0757  3441               	retlw	65	;'A'
  7503  0758  344C               	retlw	76	;'L'
  7504  0759  3441               	retlw	65	;'A'
  7505  075A  3452               	retlw	82	;'R'
  7506  075B  344D               	retlw	77	;'M'
  7507  075C  3433               	retlw	51	;'3'
  7508  075D  343F               	retlw	63	;'?'
  7509  075E  3420               	retlw	32	;' '
  7510  075F  3420               	retlw	32	;' '
  7511  0760  3400               	retlw	0
  7512                           	
  7513  0761                     STR_23:	
  7514  0761  3420               	retlw	32	;' '
  7515  0762  3420               	retlw	32	;' '
  7516  0763  3453               	retlw	83	;'S'
  7517  0764  3445               	retlw	69	;'E'
  7518  0765  3454               	retlw	84	;'T'
  7519  0766  3420               	retlw	32	;' '
  7520  0767  3441               	retlw	65	;'A'
  7521  0768  344C               	retlw	76	;'L'
  7522  0769  3441               	retlw	65	;'A'
  7523  076A  3452               	retlw	82	;'R'
  7524  076B  344D               	retlw	77	;'M'
  7525  076C  3432               	retlw	50	;'2'
  7526  076D  343F               	retlw	63	;'?'
  7527  076E  3420               	retlw	32	;' '
  7528  076F  3400               	retlw	0
  7529                           	
  7530  0770                     STR_15:	
  7531  0770  3420               	retlw	32	;' '
  7532  0771  3453               	retlw	83	;'S'
  7533  0772  3445               	retlw	69	;'E'
  7534  0773  3454               	retlw	84	;'T'
  7535  0774  3420               	retlw	32	;' '
  7536  0775  3444               	retlw	68	;'D'
  7537  0776  3455               	retlw	85	;'U'
  7538  0777  3452               	retlw	82	;'R'
  7539  0778  3441               	retlw	65	;'A'
  7540  0779  3454               	retlw	84	;'T'
  7541  077A  3449               	retlw	73	;'I'
  7542  077B  344F               	retlw	79	;'O'
  7543  077C  344E               	retlw	78	;'N'
  7544  077D  343A               	retlw	58	;':'
  7545  077E  3400               	retlw	0
  7546                           	
  7547  077F                     STR_22:	
  7548  077F  3420               	retlw	32	;' '
  7549  0780  3420               	retlw	32	;' '
  7550  0781  3453               	retlw	83	;'S'
  7551  0782  3445               	retlw	69	;'E'
  7552  0783  3454               	retlw	84	;'T'
  7553  0784  3420               	retlw	32	;' '
  7554  0785  3441               	retlw	65	;'A'
  7555  0786  344C               	retlw	76	;'L'
  7556  0787  3441               	retlw	65	;'A'
  7557  0788  3452               	retlw	82	;'R'
  7558  0789  344D               	retlw	77	;'M'
  7559  078A  3431               	retlw	49	;'1'
  7560  078B  343F               	retlw	63	;'?'
  7561  078C  3420               	retlw	32	;' '
  7562  078D  3400               	retlw	0
  7563                           	
  7564  078E                     STR_17:	
  7565  078E  3420               	retlw	32	;' '
  7566  078F  3420               	retlw	32	;' '
  7567  0790  3420               	retlw	32	;' '
  7568  0791  3420               	retlw	32	;' '
  7569  0792  3453               	retlw	83	;'S'
  7570  0793  3445               	retlw	69	;'E'
  7571  0794  3443               	retlw	67	;'C'
  7572  0795  3455               	retlw	85	;'U'
  7573  0796  3454               	retlw	84	;'T'
  7574  0797  3452               	retlw	82	;'R'
  7575  0798  3449               	retlw	73	;'I'
  7576  0799  3458               	retlw	88	;'X'
  7577  079A  3420               	retlw	32	;' '
  7578  079B  3420               	retlw	32	;' '
  7579  079C  3400               	retlw	0
  7580                           	
  7581  079D                     STR_14:	
  7582  079D  3420               	retlw	32	;' '
  7583  079E  3420               	retlw	32	;' '
  7584  079F  3420               	retlw	32	;' '
  7585  07A0  3453               	retlw	83	;'S'
  7586  07A1  3445               	retlw	69	;'E'
  7587  07A2  3454               	retlw	84	;'T'
  7588  07A3  3420               	retlw	32	;' '
  7589  07A4  3441               	retlw	65	;'A'
  7590  07A5  344C               	retlw	76	;'L'
  7591  07A6  3441               	retlw	65	;'A'
  7592  07A7  3452               	retlw	82	;'R'
  7593  07A8  344D               	retlw	77	;'M'
  7594  07A9  343A               	retlw	58	;':'
  7595  07AA  3400               	retlw	0
  7596                           	
  7597  07AB                     STR_2:	
  7598  07AB  342D               	retlw	45	;'-'
  7599  07AC  342D               	retlw	45	;'-'
  7600  07AD  343A               	retlw	58	;':'
  7601  07AE  342D               	retlw	45	;'-'
  7602  07AF  342D               	retlw	45	;'-'
  7603  07B0  343A               	retlw	58	;':'
  7604  07B1  342D               	retlw	45	;'-'
  7605  07B2  342D               	retlw	45	;'-'
  7606  07B3  3420               	retlw	32	;' '
  7607  07B4  342D               	retlw	45	;'-'
  7608  07B5  342D               	retlw	45	;'-'
  7609  07B6  3400               	retlw	0
  7610                           	
  7611  07B7                     STR_4:	
  7612  07B7  3420               	retlw	32	;' '
  7613  07B8  3420               	retlw	32	;' '
  7614  07B9  3420               	retlw	32	;' '
  7615  07BA  344F               	retlw	79	;'O'
  7616  07BB  344E               	retlw	78	;'N'
  7617  07BC  3420               	retlw	32	;' '
  7618  07BD  3441               	retlw	65	;'A'
  7619  07BE  344C               	retlw	76	;'L'
  7620  07BF  3441               	retlw	65	;'A'
  7621  07C0  3452               	retlw	82	;'R'
  7622  07C1  344D               	retlw	77	;'M'
  7623  07C2  3400               	retlw	0
  7624                           	
  7625  07C3                     STR_16:	
  7626  07C3  3420               	retlw	32	;' '
  7627  07C4  344D               	retlw	77	;'M'
  7628  07C5  3469               	retlw	105	;'i'
  7629  07C6  346E               	retlw	110	;'n'
  7630  07C7  3473               	retlw	115	;'s'
  7631  07C8  3400               	retlw	0
  7632                           	
  7633  07C9                     STR_11:	
  7634  07C9  3433               	retlw	51	;'3'
  7635  07CA  343F               	retlw	63	;'?'
  7636  07CB  3420               	retlw	32	;' '
  7637  07CC  3420               	retlw	32	;' '
  7638  07CD  3420               	retlw	32	;' '
  7639  07CE  3400               	retlw	0
  7640                           	
  7641  07CF                     STR_8:	
  7642  07CF  3432               	retlw	50	;'2'
  7643  07D0  343F               	retlw	63	;'?'
  7644  07D1  3420               	retlw	32	;' '
  7645  07D2  3420               	retlw	32	;' '
  7646  07D3  3420               	retlw	32	;' '
  7647  07D4  3400               	retlw	0
  7648                           	
  7649  07D5                     STR_5:	
  7650  07D5  3431               	retlw	49	;'1'
  7651  07D6  343F               	retlw	63	;'?'
  7652  07D7  3420               	retlw	32	;' '
  7653  07D8  3420               	retlw	32	;' '
  7654  07D9  3420               	retlw	32	;' '
  7655  07DA  3400               	retlw	0
  7656                           	
  7657  07DB                     STR_12:	
  7658  07DB  3459               	retlw	89	;'Y'
  7659  07DC  3445               	retlw	69	;'E'
  7660  07DD  3453               	retlw	83	;'S'
  7661  07DE  3400               	retlw	0
  7662                           	
  7663  07DF                     STR_7:	
  7664  07DF  344E               	retlw	78	;'N'
  7665  07E0  344F               	retlw	79	;'O'
  7666  07E1  3400               	retlw	0
  7667  0000                     STR_6	equ	STR_12+0
  7668  0000                     STR_9	equ	STR_12+0
  7669  0000                     STR_10	equ	STR_7+0
  7670  0000                     STR_13	equ	STR_7+0
  7671  0000                     STR_3	equ	STR_19+12
  7672  0000                     STR_18	equ	STR_19+14
  7673  0000                     STR_1	equ	STR_19+14
  7674                           	PSECT	fnauto0,class=BANK0,space=1
  7675                           	FNCONF	fnauto0,??,?
  7676                           
  7677                           	DABS	1,126,2	;btemp
  7678                           	global	btemp
  7679  0000                     	btemp set 07Eh
  7680                           	global	wtemp0
  7681  0000                     	wtemp0 set btemp
  7682                           	global	wtemp1
  7683  0000                     	wtemp1 set btemp+2
  7684                           	global	ttemp0
  7685  0000                     	ttemp0 set btemp
  7686                           	global	ltemp0
  7687  0000                     	ltemp0 set btemp
  7688                           apbank macro
  7689                           	bcf	status,5
  7690                           	bcf	status,6
  7691  0052                     	endm


HI-TECH Software PICC Macro Assembler V9.65 build 4410 
Symbol Table                                          Sat Oct 17 02:33:14 2009

           __Lrbss_0 0040                    l1 06FF  
                  l2 0934                    l3 07F6  
                  l4 095A                    l5 094D  
                  l6 0937                    l7 095A  
                  l8 0915                    l9 0922  
          __Lrdata_1 00C0                    pc 0002  
       ??_LCD_STROBE 0065            __Lramdata 00C0  
                 l10 0A24                   l11 06F3  
                 l20 0B14                   l12 06EB  
                 _DA 04A5                   l21 0B24  
                 l13 06E2                   _BF 04A0  
                 l22 0FFF                   l30 0D30  
                 l14 06F3                   _DC 0019  
                 l15 0B2F                   l23 0FFF  
                 l31 0D31                   l16 0B1B  
                 l40 0DBA                   l32 0D50  
                 l24 0FF4                   l17 0A5D  
                 l41 0DD2                   l33 0D59  
                 l25 0CFE                   l18 0A63  
                 l50 0FD3                   l42 0DEA  
                 l34 0D5A                   l26 0D91  
                 l19 0B0E                   l51 0FC5  
                 l43 0E49                   l35 0D79  
                 l27 0D83                   l60 0FAA  
                 l52 0E66                   l44 0E39  
                 l36 0D82                   l28 0D08  
                 l61 0FED                   l53 0EA8  
                 l45 0E1D                   l37 0DA4  
                 l29 0D27                   l62 0FF3  
                 l54 0EC0                   l46 0E24  
                 l38 0E10                   l70 0C93  
                 l55 0EDB                   l47 0E2B  
                 l39 0E02                   l63 0CFB  
                 l71 0B66                   l56 0F1D  
                 l48 0E32                   l80 0B83  
                 l72 0BC7                   l64 0B65  
                 l57 0F35                   l49 0E4A  
                 l81 0B86                   l73 0BBC  
                 l65 0B59                   l58 0F50  
                 l90 0BD7                   l82 0B95  
                 l74 0B67                   l66 0B32  
                 l59 0F92                   l91 0BDA  
                 l83 0B98                   l75 0B72  
                 l67 0B3F                   l92 0C07  
                 l84 0BAA                   l76 0B75  
                 l68 0B4C                   l93 0BFC  
                 l69 0CA7                   l85 0BB9  
                 l77 0BA9                   l94 0BDB  
                 l86 0BC8                   l78 0B9E  
                 l95 0BE5                   l87 0C1F  
                 l79 0B76                   l96 0BE8  
                 l88 0C14                   l97 0BF1  
                 l89 0BC9                   l98 0BF4  
                 l99 0C08                   _PD 001B  
                 _RD 0C60                   _UA 04A1  
                 _TO 001C                   _RW 04A2  
                 _WR 0C61                   fsr 0004  
                l100 0C11                  l101 0C20  
                l110 0C61                  l102 0C33  
                l111 0C92                  l103 0C31  
                l120 0CA8                  l112 0C87  
                l104 0C34                  l200 0371  
                l121 0CC0                  l113 0C62  
                l105 0C4A                  l201 037D  
                l122 0CD8                  l114 0C71  
                l106 0C48                  l210 03EE  
                l202 037E                  l130 0120  
                l115 0C74                  l107 0C4B  
                l211 042A                  l203 0389  
                l131 0103                  l116 0C77  
                l108 0C55                  l220 0450  
                l212 042A                  l204 038A  
                l140 00FE                  l132 00D6  
                l117 0C80                  l109 0C60  
                l221 045A                  l213 0436  
                l205 0395                  l141 021C  
                l133 00DC                  l118 0CFB  
                l214 060B                  l230 04F0  
                l222 0467                  l206 0396  
                l150 0211                  l142 0211  
                l134 00E0                  l119 0CF0  
                l231 0521                  l215 0608  
                l223 0474                  l127 060B  
                l207 03A9                  l151 0208  
                l143 016F                  l135 00E5  
                l240 05DA                  l232 0552  
                l224 04A9                  l216 05EF  
                l208 03C8                  l160 022C  
                l152 0211                  l144 016F  
                l136 00EA                  l128 00D1  
                l241 05E1                  l233 058C  
                l225 04C4                  l217 0446  
                l209 03DB                  l161 0236  
                l153 021C                  l145 01AA  
                l137 00EF                  l410 06A2  
                l242 05E8                  l234 05D9  
                l226 058B                  l218 0491  
                l170 0282                  l162 023D  
                l154 0418                  l146 01AA  
                l138 00F4                  l411 0676  
                l235 05C9                  l227 057D  
                l219 0481                  l171 0290  
                l163 0257                  l147 01E5  
                l139 00F9                  l412 066B  
                l500 09B4                  l236 05AD  
                l228 04C5                  l180 0306  
                l172 0293                  l164 026A  
                l156 0401                  l148 01E5  
                l413 067A                  l237 05B4  
                l229 04EF                  l181 03C7  
                l173 02EC                  l165 026B  
                l157 022B                  l149 01ED  
                l238 05BB                  l190 032F  
                l182 03B4                  l174 02DE  
                l166 0305                  l158 0256  
                l407 06B2                  l415 06A2  
                l239 05C2                  l191 033C  
                l183 030F                  l175 0294  
                l167 02F5                  l159 024B  
                l416 067A                  l408 0650  
                l192 033D                  l184 031A  
                l176 02A2                  l168 0274  
                l417 0695                  l409 065D  
                l193 034C                  l185 031D  
                l177 02B6                  l169 027F  
                l418 06AB                  l194 034D  
                l186 032B                  l178 02CA  
                l195 035C                  l187 032E  
                l179 02ED                  l196 035D  
                l188 036D                  l197 0370  
                l189 035F                  _CM0 04E0  
                l198 03A6                  _CM1 04E1  
                l199 0398                  _CM2 04E2  
                l490 096C                  l491 0975  
                l492 09AB                  l493 098A  
                l494 097F                  l495 098E  
                l489 09B5                  l497 09AB  
                l498 098E                  l499 099E  
                _CKE 04A6                  _IBF 044F  
                _CIS 04E3                  _CKP 00A4  
                _GIE 005F                  _BOR 0470  
                _RA0 0028                  _RA1 0029  
                _RB0 0030                  _RA2 002A  
                _RB1 0031                  _RA3 002B  
                _RC0 0038                  _RB2 0032  
                _RA4 002C                  _RC1 0039  
                _RB3 0033                  _RA5 002D  
                _RD0 0040                  _RC2 003A  
                _RB4 0034                  _RD1 0041  
                _RC3 003B                  _RB5 0035  
                _RE0 0048                  _RD2 0042  
                _RC4 003C                  _RB6 0036  
                _RE1 0049                  _RD3 0043  
                _RC5 003D                  _RB7 0037  
                _RE2 004A                  _RD4 0044  
                _RC6 003E                  _RD5 0045  
                _RC7 003F                  _RD6 0046  
                _OBF 044E                  _RD7 0047  
                _FSR 0004                  _PCL 0002  
                _PS0 0408                  _PR2 0092  
                _PS1 0409                  _RP0 001D  
                _PS2 040A                  _PEN 048A  
                _IRP 001F                  _RP1 001E  
                _SEN 0488                  _PSA 040B  
                _POR 0471                  _RX9 00C6  
                _SMP 04A7                  _TX9 04C6  
          l600000568 021B          _tickCounter 0075  
                _buz 0398                  _key 007B  
                _isr 06B3                  fsr0 0004  
                indf 0000          _a1_duration 0048  
               _ADIE 0466                 _ADIF 0066  
               _ADFM 04FF                 ?_isr 0069  
               _ADGO 00FA             __tempreg 0052  
               _ADON 00F8                 _CHS0 00FB  
               _CHS1 00FC                 _CHS2 00FD  
               _EEIE 046C                 _EEIF 006C  
               STR_1 071D                 STR_2 07AB  
               STR_3 071B                 STR_4 07B7  
               STR_5 07D5                 _GCEN 048F  
               STR_6 07DB                 STR_7 07DF  
               STR_8 07CF                 STR_9 07DB  
               _CMIE 046E                 _CMIF 006E  
               _BRGH 04C2                 _T0IE 005D  
               _T0IF 005A                 _CREN 00C4  
               _T0CS 040D                 _FERR 00C2  
               _IBOV 044D                 _CVR0 04E8  
               _CVR1 04E9                 _CVR2 04EA  
               _CVR3 04EB                 _T0SE 040C  
               _CSRC 04C7                 _INDF 0000  
               u5100 0FE6                 u5101 0FE5  
               u5005 0CB8                 u5110 0A3D  
               u5030 06F3                 _PIE1 008C  
               u5031 06F2                 u5015 0CD0  
               _PIE2 008D                 u5120 0A56  
               u5040 0D1D                 u5121 0A55  
               u5025 0CE8                 u5210 09AB  
               u5130 0B07                 u5050 0D46  
               u5211 09AA                 u5220 09AF  
               u5140 0964                 u5060 0D6F  
               u4500 0162                 u5205 099F  
               u5141 0963                 u4501 0161  
               _CVRR 04ED                 u5310 06A2  
               u5230 0648                 u5150 0970  
               u5070 0E8D                 u4510 0173  
               u4430 0124                 u5311 06A1  
               u5231 0647                 u5151 096F  
               u5071 0E8C                 u5320 06A6  
               u5240 0654                 u5160 097B  
               u5080 0F02                 u4600 01CA  
               u4520 0179                 u4440 0130  
               u5305 0696                 u5241 0653  
               u5161 097A                 u5081 0F01  
               u4601 01C8                 u4521 0178  
               u4441 012F                 u5330 095A  
               u5250 0667                 u5090 0F77  
               u4610 01D1                 u4602 01CB  
               u4530 018A                 u4450 0139  
               _PEIE 005E                 u5331 0959  
               u5251 0666                 u5091 0F76  
               u4611 01CF                 u4531 0189  
               u5180 098E                 u4700 025D  
               u4620 01D7                 u4612 01D2  
               u4540 018F                 u4460 013F  
               _INTE 005C                 u5181 098D  
               u4701 025C                 u4621 01D6  
               u4541 018D                 u4461 013E  
               _INTF 0059                 u5270 067A  
               u5190 0998                 u4710 027C  
               u4630 01E9                 u4550 0196  
               u4542 0190                 u4470 0150  
               _RBIE 005B                 u5271 0679  
               u5191 0997                 u5175 0980  
               u5407 06E4                 u4711 027B  
               u4551 0194                 u4471 014F  
               _RBIF 0058                 u4800 0391  
               u4720 028C                 u4640 01F7  
               u4560 019C                 u4552 0197  
               u4480 0155                 u5265 066C  
               u5417 09D5                 u4801 0390  
               u4721 028B                 u4641 01F6  
               u4561 019B                 u4481 0153  
               u5290 068B                 u4810 041E  
               u4730 0317                 u4650 0206  
               u4570 01AE                 u4490 015C  
               u4482 0156                 _RCIE 0465  
               u5291 068A                 u5195 0994  
               u5427 09E8                 u4731 0316  
               u5347 0220                 u4651 0205  
               u4491 015A                 _RCIF 0065  
               _RCEN 048B                 u4900 0BD3  
               u4820 0424                 u4740 0327  
               u4660 020E                 u4580 01B4  
               u4492 015D                 u5285 067B  
               u5437 09F5                 u4901 0BD2  
               u4821 0423                 u4741 0326  
               u5357 026F                 u4661 020D  
               u4581 01B3                 u4910 0BE3  
               u4830 042E                 u4750 0339  
               u4670 0215                 u4590 01C5  
               u5295 0687                 u5447 0A01  
               u4911 0BE2                 u4831 042D  
               u4751 0338                 u5367 030A  
               u4591 01C4                 _PCON 008E  
               u4920 0BEF                 u4840 043A  
               u4760 0347                 u4680 021B  
               _PIR1 000C                 u5457 07F1  
               u4921 0BEE                 u4841 0439  
               u5377 03CC                 u4761 0346  
               u4681 021A                 _PIR2 000D  
               u4930 0C0F                 u4850 04DA  
               u4770 0357                 u4690 022A  
               u5467 0928                 u4931 0C0E  
               u4851 04D9                 u5387 03DF  
               u4771 0356                 u4940 0C26  
               u4860 0B6F                 u4780 0379  
               u5477 06F9                 u4941 0C25  
               u4861 0B6E                 u5397 03F2  
               u4781 0378                 u4950 0C2E  
               u4870 0B80                 u4790 0385  
               u4951 0C2D                 u4871 0B7F  
               u4791 0384                 u4960 0C3A  
               u4880 0B90                 u4961 0C39  
               u4881 0B8F                 _OERR 00C1  
               u4970 0C44                 u4890 0BB4  
               u4971 0C43                 u4891 0BB3  
               u4980 0C4F                 u4990 0C6B  
               _RBPU 040F                 _RX9D 00C0  
               _TMR0 0001                 _TMR2 0011  
               _WCOL 00A7                 _SPEN 00C7  
               _RSEN 0489            __databank 0001  
               _TX9D 04C0                 _SREN 00C5  
               _TRMT 04C1                 _STOP 04A4  
               _ZERO 001A                 _TXIE 0464  
               _WREN 0C62                 _TXIF 0064  
               _TXEN 04C5                 _SYNC 04C4  
           _lcd_init 09B6             _lcd_goto 0916  
           _lcd_puts 0935          _a2_duration 0046  
          ?_lcd_init 0056            ?_lcd_goto 0060  
               _ampm 03EB       _alarmmenu_a_hr 005A  
     _alarmmenu_a_on 0059                 _main 0044  
     _alarmmenu_akey 0056                 _buzz 06DF  
               _mkey 0070            ?_lcd_puts 0060  
               _tset 0074                 btemp 007E  
     _alarmmenu_stat 0057       _drawamenu_stat 0056  
        _a3_duration 004A             _duration 0077  
               start 0012         ___awdiv_sign 0065  
         ??_lcd_init 0056           ??_lcd_goto 0060  
         ??_lcd_puts 0062    interrupt_function 0004  
    ___awmod_divisor 0062      ___awmod_counter 0065  
  _showtime_aminutes 0059    _showtime_aseconds 005A  
       ___awmod_sign 0064            _alarmmenu 0B30  
    __end_of___awdiv 0935                ??_isr 0069  
    __end_of___awmod 063F    __end_of_alarmmenu 06DF  
          stringcode 0708              _CCP1CON 0017  
            _CCP2CON 001D             _showtime 0A25  
            _ACKSTAT 048E      _showtime_ahours 005D  
         ?_alarmmenu 0056                _C1INV 04E4  
              _C2INV 04E5            ?_showtime 0059  
              _C1OUT 04E6                _C2OUT 04E7  
              _A1_ON 004D                _A2_ON 004C  
              _A3_ON 0045                _ADCS0 00FE  
              _ADCS1 00FF                _ADCS2 04FE  
              _ADDEN 00C3                ?_main 0052  
              _ACKEN 048C                _ACKDT 048D  
              _BCLIE 046B                _BCLIF 006B  
              _CCP1X 00BD                ?_buzz 0056  
              _CCP1Y 00BC                _CCP2X 00ED  
              _CCP2Y 00EC                _EEADR 010D  
              STR_10 07DF                STR_11 07C9  
              STR_12 07DB                STR_20 0720  
              STR_13 07DF                STR_21 0731  
              STR_14 079D                STR_22 077F  
              STR_15 0770                STR_23 0761  
              STR_16 07C3                STR_24 0751  
              STR_25 0741                STR_17 078E  
              STR_18 071D                STR_19 070F  
              _CARRY 0018                _EEPGD 0C67  
              _CMCON 009C                _T1CON 0010  
              _T2CON 0012              _T1CKPS0 0084  
            _T1CKPS1 0085                _PCFG0 04F8  
              _PCFG1 04F9                _PCFG2 04FA  
              _PCFG3 04FB              _T2CKPS0 0090  
            _T2CKPS1 0091                u50710 0E89  
              _CVREN 04EF                u50810 0EFE  
              u50715 0E87                u50910 0F73  
              u50815 0EFC                _CVROE 04EE  
              i1l123 06D3                u50915 0F71  
              i1l124 06D3                i1l125 06D2  
              _RCREG 001A                _RCSTA 0018  
              _TMR1H 000F                _TMR1L 000E  
              _SPBRG 0099                _PORTA 0005  
              _PORTB 0006              _T1OSCEN 0083  
              _PORTC 0007                _PORTD 0008  
              _PORTE 0009                _PSPIE 0467  
              _PSPIF 0067                _START 04A3  
              _SSPM0 00A0            _lcd_clear 07E2  
              _SSPM1 00A1                _SSPM2 00A2  
              _SSPM3 00A3                _TRISA 0085  
              _TRISB 0086                _TRISC 0087  
              _TRISD 0088                _SSPIE 0463  
              _TRISE 0089                _SSPIF 0063  
              _SSPEN 00A5           ??_showtime 005D  
              _SSPOV 00A6                _WRERR 0C63  
              _TXREG 0019    __end_of_lcd_clear 090A  
              _TXSTA 0098            _lcd_putch 090A  
          _lcd_write 0923    __end_of_lcd_putch 095B  
          _drawamenu 0CFC          ??_alarmmenu 0057  
  __end_of_lcd_write 06F4           ?_lcd_clear 0059  
  __end_of_drawamenu 09B6      _alarmmenu_a_dur 005B  
    _alarmmenu_a_min 005C              _PSPMODE 044C  
         ?_lcd_putch 0060                _hours 0079  
              _mmkey 0071              _SSPCON2 0091  
         ?_lcd_write 0063           ?_drawamenu 0056  
            _SSPSTAT 0094              _TOUTPS0 0093  
            _TOUTPS1 0094              _TOUTPS2 0095  
            _TOUTPS3 0096                pclath 000A  
              ltemp0 007E        _main_newchars 00C0  
            _a1_ampm 03E8              _a2_ampm 03E9  
            _a3_ampm 03EA             intlevel1 0004  
        ??_lcd_clear 0059                ttemp0 007E  
              status 0003            _newSecond 004F  
              wtemp0 007E                wtemp1 0080  
          _cursorpos 007C          ??_lcd_putch 0060  
        ??_lcd_write 0063          ??_drawamenu 0056  
   ___awmod_dividend 0060            _MENU_MODE 0072  
          _buzz_tone 0056          _lcd_putch_c 0060  
        _lcd_write_c 0063     ___awdiv_dividend 0060  
        __stringbase 070E              ___awdiv 063F  
            ___awmod 095B             ?___awdiv 0060  
           ?___awmod 0060            ??___awdiv 0064  
          ??___awmod 0064               ??_main 0052  
             ??_buzz 0056           _a1_minutes 0040  
         _a2_minutes 0044              _mincntr 0076  
            _mcurpos 007A           _a3_minutes 004E  
            _minutes 0050              _seconds 0051  
           stringdir 0709             stringjmp 070D  
           stringtab 0700               _ADCON0 001F  
             _ADCON1 009F               _CCP1M0 00B8  
             _CCP1M1 00B9               _CCP1M2 00BA  
             _CCP1M3 00BB               _CCP2M0 00E8  
             _CCP2M1 00E9               _CCP2M2 00EA  
             _CCP2M3 00EB       _showtime_aampm 005B  
             _CCP1IE 0462               _CCP1IF 0062  
             _CCP2IE 0468               _CCP2IF 0068  
             _ADRESH 001E               _EEADRH 010F  
             _ADRESL 009E               _EEADRL 010D  
             _EEDATA 010C               _CCPR1H 0016  
             _EEDATH 010E               _CCPR2H 001C  
             _CCPR1L 0015               _CCPR2L 001B  
             _EECON1 018C               _EECON2 018D  
       __end_of_main 060F     ___awdiv_quotient 0066  
       __end_of_buzz 0CFC               _GODONE 00FA  
_lcd_init_init_value 0056               _CVRCON 009D  
             _T1SYNC 0082               _INTEDG 040E  
             _PCLATH 000A               _INTCON 000B  
   __end_of_lcd_init 0A25     __end_of_lcd_goto 0923  
             i1u4400 06B9               i1u4401 06B8  
             i1u4410 06BF               i1u4411 06BE  
             i1u4420 06C9               i1u4421 06C8  
   __end_of_lcd_puts 0916               _TMR0IE 005D  
             _TMR0IF 005A               _TMR1IE 0460  
             _TMR1IF 0060               _TMR1CS 0081  
             _TMR2IE 0461               _TMR2IF 0061  
             _TMR1ON 0080               _OPTION 0081  
             _TMR2ON 0092           _lcd_change 0399  
             _SSPADD 0093               _TRISA0 0428  
             _TRISA1 0429               _TRISB0 0430  
             _TRISA2 042A               _TRISB1 0431  
             _TRISA3 042B               _TRISC0 0438  
             _TRISB2 0432               _TRISA4 042C  
             _TRISC1 0439               _TRISB3 0433  
             _TRISA5 042D               _TRISD0 0440  
             _TRISC2 043A               _TRISB4 0434  
             _TRISD1 0441               _TRISC3 043B  
             _TRISB5 0435               _TRISE0 0448  
             _TRISD2 0442               _TRISC4 043C  
             _TRISB6 0436               _TRISE1 0449  
             _TRISD3 0443               _TRISC5 043D  
             _TRISB7 0437               _TRISE2 044A  
             _TRISD4 0444               _TRISC6 043E  
             _TRISD5 0445               _TRISC7 043F  
             _TRISD6 0446               _TRISD7 0447  
             _STATUS 0003               _SSPCON 0014  
             _SSPBUF 0013           _lcd_puts_s 0060  
    ___awdiv_divisor 0062      ___awdiv_counter 0064  
             _alflag 0078     _alarmmenu_a_ampm 0058  
   __end_of_showtime 07E2          __end_of_isr 06DF  
         _LCD_STROBE 06F4   __end_of_LCD_STROBE 07F7  
             saved_w 007F             _a1_hours 0041  
        ?_LCD_STROBE 0065             _a2_hours 0042  
           _a3_hours 0043         _lcd_goto_pos 0060  
       _showtime_set 005C             __Hcommon 007E  
          __Hrdata_1 00F0            __Hramdata 00F0  
           __Hrbss_0 0052             __Lcommon 007D  
